CREATE DATABASE  IF NOT EXISTS `desarrollo` /*!40100 DEFAULT CHARACTER SET utf8mb4 COLLATE utf8mb4_0900_ai_ci */ /*!80016 DEFAULT ENCRYPTION='N' */;
USE `desarrollo`;
-- MySQL dump 10.13  Distrib 8.0.36, for Win64 (x86_64)
--
-- Host: 127.0.0.1    Database: desarrollo
-- ------------------------------------------------------
-- Server version	8.0.37

/*!40101 SET @OLD_CHARACTER_SET_CLIENT=@@CHARACTER_SET_CLIENT */;
/*!40101 SET @OLD_CHARACTER_SET_RESULTS=@@CHARACTER_SET_RESULTS */;
/*!40101 SET @OLD_COLLATION_CONNECTION=@@COLLATION_CONNECTION */;
/*!50503 SET NAMES utf8 */;
/*!40103 SET @OLD_TIME_ZONE=@@TIME_ZONE */;
/*!40103 SET TIME_ZONE='+00:00' */;
/*!40014 SET @OLD_UNIQUE_CHECKS=@@UNIQUE_CHECKS, UNIQUE_CHECKS=0 */;
/*!40014 SET @OLD_FOREIGN_KEY_CHECKS=@@FOREIGN_KEY_CHECKS, FOREIGN_KEY_CHECKS=0 */;
/*!40101 SET @OLD_SQL_MODE=@@SQL_MODE, SQL_MODE='NO_AUTO_VALUE_ON_ZERO' */;
/*!40111 SET @OLD_SQL_NOTES=@@SQL_NOTES, SQL_NOTES=0 */;

--
-- Table structure for table `artistas`
--

DROP TABLE IF EXISTS `artistas`;
/*!40101 SET @saved_cs_client     = @@character_set_client */;
/*!50503 SET character_set_client = utf8mb4 */;
CREATE TABLE `artistas` (
  `DNI` int NOT NULL,
  `NyA` varchar(100) DEFAULT NULL,
  `res_biografia` text,
  `contacto` varchar(100) DEFAULT NULL,
  `URL_foto` varchar(100) NOT NULL,
  PRIMARY KEY (`DNI`)
) ENGINE=InnoDB DEFAULT CHARSET=utf8mb4 COLLATE=utf8mb4_0900_ai_ci;
/*!40101 SET character_set_client = @saved_cs_client */;

--
-- Dumping data for table `artistas`
--

LOCK TABLES `artistas` WRITE;
/*!40000 ALTER TABLE `artistas` DISABLE KEYS */;
INSERT INTO `artistas` VALUES (10004797,'Melissa Murray','Response produce about. Yard measure information type five someone feel best.','vgarcia@example.org','https://i.imgur.com/Ppxq2PU.jpeg'),(10480924,'Suzanne Wilson','Discover compare rather science. Human bill dog provide draw.','victoriafletcher@example.org','https://i.imgur.com/RSBlDXM.jpeg'),(10785002,'Kathy Mills','North election item. Dinner modern skin glass.\nCongress also thing what professor most myself.','bedwards@example.org','https://i.imgur.com/ItbwGxe.jpeg'),(10884210,'Brenda Bishop','Dog else strong. Decade car alone into western argue meeting. Method heavy pattern child begin yes.','fschaefer@example.org','https://i.imgur.com/heYmWae.jpeg'),(11602113,'Shane Robinson','Difference design wife cause. Home play friend thought.','underwoodsandra@example.com','https://i.imgur.com/FcoM1L4.jpeg'),(12219725,'Rachel Rogers','Recently standard analysis out material after TV no. Voice today require husband. Student informatio','john02@example.com','https://i.imgur.com/QFyWX5J.jpeg'),(12559341,'David Morris','Production fill word family low. Page add image bar these.','jessicahughes@example.org','https://i.imgur.com/TAXXoIp.jpeg'),(13128646,'Danielle Rodriguez','Anything soon information live movie lot mouth throw. Skin hour conference break rate PM. Understand','rojasjesse@example.org','https://i.imgur.com/lG5sNej.jpeg'),(13385922,'Sara Hall','Spring maintain financial wish people let hand. Two black enjoy new threat none send.','michael58@example.com','https://i.imgur.com/GJnBWI7.jpeg'),(13564262,'April Hill','Community give create executive effort conference together.\nAlmost fear social role new player theor','qreed@example.org','https://i.imgur.com/2Ae5hNF.jpeg'),(13587325,'Allen Perez','Beyond walk herself. Meeting help eight understand management painting who. Friend know standard the','michael51@example.com','https://i.imgur.com/vEvpMrx.jpeg'),(14360618,'Laura David','Affect professional yard maybe Democrat fish. Third former everyone present between effort animal. B','dennisadams@example.net','https://i.imgur.com/byM1dXf.jpeg'),(14443212,'Juan Coleman','Develop sister describe. Listen part key itself cause institution.','brooke40@example.com','https://i.imgur.com/jPyvAWi.jpeg'),(14763375,'Veronica Patel','Water everyone culture over benefit. Purpose husband my campaign.','john06@example.org','https://i.imgur.com/Ms3FW3N.jpeg'),(14966209,'Marcus Kim','Author possible forward herself food east street. Too future us occur.','alijeffrey@example.org','https://i.imgur.com/TrPMUcL.jpeg'),(15001084,'Rhonda Butler','Wide important leg response sing. Issue property bag.','robertscasey@example.com','https://i.imgur.com/bPrvUOL.jpeg'),(15152065,'Richard Price','Able protect green story member dark. Live throughout support growth for. Team you able resource.','tgreen@example.com','https://i.imgur.com/7eYh3Fk.jpeg'),(15198288,'Kim Foley','Bed improve second color smile.\nProfessor pretty strategy. Keep able but wait hope. Become else ever','mckaysteven@example.net','https://i.imgur.com/FLBrnu5.jpeg'),(15468991,'Steven Harris','Plan including final reduce body. Among cold especially recently.\nIts pressure world direction until','iclayton@example.net','https://i.imgur.com/lZp418l.jpeg'),(15746423,'Joanna Brown','Yet politics time improve yourself. Rich Mr look happen effort officer win. Fire tough father throw ','amberalexander@example.net','https://i.imgur.com/H2JIHNQ.jpeg'),(16060002,'James Pace','Economy cost finish eight sister guy base. Top enter expert admit against yard. Culture military gla','williamslisa@example.org','https://i.imgur.com/xMYCdGj.jpeg'),(16082682,'Anna Good','Least else voice outside item drug produce. Those yeah day idea create scene price. Ability relation','melaniejensen@example.org','https://i.imgur.com/a0Fhwwx.jpeg'),(16330399,'Samuel Kelley','Away anything early week. Little far before become. Low vote available owner our owner without popul','michaelchan@example.net','https://i.imgur.com/I17lRUd.jpeg'),(16349562,'Deborah Roth','Drive sing speak leg central. White much much cold American blood difference.','michelleanderson@example.org','https://i.imgur.com/EQkWgxQ.jpeg'),(16351411,'Zachary Grant','Take red mean season perform.\nUs as study see former. Try adult think must.\nDegree sign artist music','sharon15@example.org','https://i.imgur.com/K2p6BMH.jpeg'),(16408110,'David Smith','Camera dog idea. Exist color girl tax. Staff event reveal that all.\nFind series step of present. Sou','christinacollins@example.net','https://i.imgur.com/UEfZZZm.jpeg'),(16576340,'Stephanie Hall','Place maybe letter yeah guy. Wait let activity require conference month head. Budget structure near ','daniel56@example.org','https://i.imgur.com/A3etRNY.jpeg'),(16749355,'Mrs. Emma Holmes','New whole father business realize society. Fall by participant condition himself large name down.','curryjulian@example.net','https://i.imgur.com/fwPK0mo.jpeg'),(16787640,'Tim Atkinson','Possible city wide determine choice college example. Moment write meet trial.\nRaise leg discover sou','nicholsjulie@example.com','https://i.imgur.com/bizpnjr.jpeg'),(17003775,'Elizabeth Smith','Human degree interview six teacher pick pull. Example pass pass care. Common south choose type.\nBeat','blackwellmonica@example.com','https://i.imgur.com/19JKkXA.jpeg'),(17050341,'Nathan Moore','Several finish shoulder team real discover. Month heavy technology ever most. Popular early let rest','tina58@example.net','https://i.imgur.com/9u81zv0.jpeg'),(17111848,'Stephanie Kemp','Growth fine sister hear deal. Full firm another stock goal data become.\nWatch goal paper likely litt','brandonmatthews@example.com','https://i.imgur.com/eIWTHIY.jpeg'),(17182333,'Heidi Fleming','Seven look yeah there future move. Call recently crime find young.','gchavez@example.org','https://i.imgur.com/Cc7Xeul.jpeg'),(17207142,'Erik Davis','Ago my company meet hear. Bit hot blue free control.\nBetter opportunity visit her.','mayerbrenda@example.com','https://i.imgur.com/tdPPOwp.jpeg'),(17226785,'Sheila Ortiz','Hope shoulder father house card bar apply. Company beautiful worker through avoid.','ilong@example.com','https://i.imgur.com/vDyYtsF.jpeg'),(17413428,'Anthony Smith','Front defense field start consumer whole and. Suddenly woman find smile home. Carry rest believe sta','yhenry@example.org','https://i.imgur.com/i8mu2a6.jpeg'),(17443120,'Stuart Wheeler','Else treatment young when finish wish. Simple how key bad different action.','jared00@example.com','https://i.imgur.com/IVDWlVy.jpeg'),(17564302,'Brian Davis MD','Keep south class though list least star page. Involve owner carry science game we bit.','richard66@example.org','https://i.imgur.com/2kgX4yJ.jpeg'),(17640717,'Andrea Underwood','Arm green loss above measure friend. Design hour military control remain consumer worry. Down should','dalewolfe@example.com','https://i.imgur.com/UN1LYRv.jpeg'),(17673824,'Alexandra Goodman','Often significant ok recent coach business. Bit offer by executive mention.','clarkbrian@example.com','https://i.imgur.com/HeBBab6.jpeg'),(17835920,'Thomas Faulkner','Oil individual focus. Little learn billion.\nBag media peace cause. Record subject election song.','ddominguez@example.net','https://i.imgur.com/lCQZ8IB.jpeg'),(18263633,'Jeffrey Taylor','Realize hotel word wrong war point government. Act tree until take strong hope black. House recent s','adamjenkins@example.net','https://i.imgur.com/8nJuUaJ.jpeg'),(18416713,'John Montgomery','Town central long maintain fall. Process ago street economy response. Describe hit likely yard a car','shawn22@example.net','https://i.imgur.com/i4HE7Po.jpeg'),(18623434,'Joann George','Agreement suddenly my chair actually performance suffer. Real enough senior investment difficult.','sergio49@example.org','https://i.imgur.com/Lb38mI3.jpeg'),(18694532,'Katie Pratt','Issue economic without wall effect. Foot really hotel coach.','thompsonjeffrey@example.com','https://i.imgur.com/dbR7sBh.jpeg'),(18755497,'Patrick Long','Show total today play. Late name prepare two money.\nRole land social cold from raise. Would effort s','ihess@example.com','https://i.imgur.com/f3iUsyh.jpeg'),(18793710,'Spencer Jackson','However citizen national bill. General now leader nice wish course democratic.\nModern site staff. Re','andrewstyler@example.com','https://i.imgur.com/kZM8fy1.jpeg'),(19043163,'Rachel Woods','Growth realize pretty choice agency. Develop member as building.','mhunter@example.net','https://i.imgur.com/FFY2Mju.jpeg'),(19314959,'Jeffrey Hernandez','Surface economic within throw. His I against everybody.','christinaallison@example.org','https://i.imgur.com/LG37o51.jpeg'),(19336598,'John Brown','Seem take help scientist safe. More particular cut and special guess. Mr able believe happen between','abigail73@example.net','https://i.imgur.com/12qnhDB.jpeg'),(19363101,'Jason Alvarez','Heavy service beautiful have seven agent story state. Range style vote social plan development manag','baldwinbecky@example.org','https://i.imgur.com/DJjqtWC.jpeg'),(19381157,'Shaun Reeves','Race forget inside represent model smile. Defense difference letter fear conference phone.','williamcampbell@example.net','https://i.imgur.com/YhuIUOC.jpeg'),(19672469,'Colleen Malone','I machine candidate building. Onto eat investment environment next event attack.\nRange moment discov','jasongutierrez@example.org','https://i.imgur.com/RD1B6A8.jpeg'),(20482808,'Jennifer Mitchell','Machine new my herself hope cell. Available man during type serve should apply. Live ready according','emily58@example.net','https://i.imgur.com/lXysH4X.jpeg'),(20631551,'John Hernandez','Deal play fact teacher. Little people usually situation. Citizen store line old information moment.','rickybolton@example.com','https://i.imgur.com/53vM7Ez.jpeg'),(20909691,'Jamie Wilson','Market decision note member. Tend two indeed edge wall.\nStyle course feeling car live. Catch gas ene','paulmurray@example.com','https://i.imgur.com/PApLUfV.jpeg'),(21369909,'Melissa Duncan','Really avoid human difficult. Guess house sing two. Once your occur right administration.','benjaminsmith@example.com','https://i.imgur.com/wme2iGz.jpeg'),(21639650,'Jessica Henderson','To poor drop hundred simple sit many. Kind point end science. Sense at painting memory.','bianca86@example.net','https://i.imgur.com/KRBaBUI.jpeg'),(21741373,'Susan Taylor','Send form mother. Effect ball other fine suddenly talk.','hmalone@example.com','https://i.imgur.com/QaqBtEU.jpeg'),(21832238,'Chad Mejia','Might quickly make role risk election get. Staff card that a move rich worker.\nMethod partner drive ','barneskenneth@example.com','https://i.imgur.com/tnT62U2.jpeg'),(22066828,'Mary Griffin','Low easy computer north. Cultural law whose reason.','gordonpaula@example.org','https://i.imgur.com/zhu1zz1.jpeg'),(23041190,'Joshua Thompson','Maintain price road arrive. Make tend nature course. Carry set back deep.','jennifersalinas@example.org','https://i.imgur.com/TFtHggQ.jpeg'),(23333422,'Stephanie Dixon','Yourself its decision cut. Guy machine night bad model. Improve treat system series trouble. I girl ','joannajones@example.org','https://i.imgur.com/aJqWMNO.jpeg'),(23573656,'Lori Schultz','Play hospital garden him step baby instead. Notice than though enough company act technology. Attorn','vincentbrandon@example.org','https://i.imgur.com/cmR9Jap.jpeg'),(24094110,'Antonio Price','Throughout into drive share.','emilymueller@example.org','https://i.imgur.com/vrO4wuJ.jpeg'),(24144044,'Heather Beard','May eat thus assume strong. Instead control campaign major.','aanderson@example.org','https://i.imgur.com/ptviPTa.jpeg'),(24336555,'Katie Rowland','Reason build act piece wish behind since. Hot huge represent pay task eat.','steven33@example.org','https://i.imgur.com/rHrapQ1.jpeg'),(24546997,'Cathy Nixon','Republican dinner perhaps suffer perhaps group wide. Hotel paper next feel final wonder. I bit score','donald57@example.net','https://i.imgur.com/2mOd5SU.jpeg'),(24668524,'Sabrina Patterson DDS','Still last keep media upon order anything. Claim beat society today Congress unit listen include.','framirez@example.com','https://i.imgur.com/rtx3EUj.jpeg'),(24822081,'John Washington','Outside type edge season. Both theory politics member fill increase. Get coach experience writer up ','alexander98@example.net','https://i.imgur.com/1anHvCW.jpeg'),(25033331,'Ryan Cox','People them nothing every travel employee impact. Test truth billion sport once.','sshaw@example.org','https://i.imgur.com/BKWZSf5.jpeg'),(25131980,'Samuel Ramirez','Edge leg manager military. Significant stand address here beyond.','gilltammy@example.net','https://i.imgur.com/k3t1hOh.jpeg'),(25406176,'Jennifer Salinas','Public mission sure structure same provide style likely. Take man face. Listen who they push senior ','gbutler@example.org','https://i.imgur.com/5asZutc.jpeg'),(25435345,'Susan Blair','Team very middle. Area argue talk over.','annaparker@example.net','https://i.imgur.com/vzVJ3P0.jpeg'),(25662176,'Nicole Joseph','Step machine daughter language. Wait represent offer long.','fbradford@example.com','https://i.imgur.com/ZknABW8.jpeg'),(26318193,'Breanna Whitaker','Ahead service share general where leader someone. Keep happy audience court college down.','gerald94@example.com','https://i.imgur.com/3z6pcUw.jpeg'),(26353208,'Eric Boyer','Half vote loss lay else. Investment between work push to certainly dog.','kristi42@example.net','https://i.imgur.com/zzq6G25.jpeg'),(26354744,'Sergio Gallegos','Physical table pull over list hear. Marriage thus last carry sea box poor.\nDay letter go. Lawyer foc','vincent87@example.net','https://i.imgur.com/F9hZgfr.jpeg'),(26567137,'Katherine Krueger','Including list minute word deep anything. Issue treat ability enjoy heart. Past attention should yar','jennifer89@example.org','https://i.imgur.com/nXiagw4.jpeg'),(26609302,'Renee Campbell','Common of nearly culture. Than best simply seven civil free break.','gregoryrobles@example.net','https://i.imgur.com/P7Xxb9z.jpeg'),(26698655,'David Williams','Chance decide especially start write. Attorney probably recent side voice.','andersonian@example.net','https://i.imgur.com/rElt3L3.jpeg'),(26893182,'Jordan Simon','Television business offer off various star analysis. Receive fact nor report.','alyssa46@example.org','https://i.imgur.com/N8ToBwK.jpeg'),(26914282,'Lisa Hughes','Position threat compare seem interesting PM place suddenly.\nRight remember air.\nPull her treatment m','rschmitt@example.net','https://i.imgur.com/hJ1lISi.jpeg'),(27357051,'Meagan Wilson','Thus idea walk sit quality recent base. Floor available idea human subject say blood. Newspaper soci','austinshelton@example.com','https://i.imgur.com/ynJcMk6.jpeg'),(27357325,'Allison Smith','Room newspaper west unit our sea person. Current need detail model allow.','cindy04@example.org','https://i.imgur.com/KgHuslY.jpeg'),(27390643,'Bethany Lane','Nice hour her the. Agent image commercial five kitchen focus true.\nStore entire off security build t','brownbrian@example.net','https://i.imgur.com/RF1gywO.jpeg'),(27397369,'Michael Campbell','Might threat card easy fire company technology. For despite subject bar boy. One popular professiona','durhammichael@example.org','https://i.imgur.com/De429IT.jpeg'),(27527456,'Mrs. Lisa Diaz','Win small common do change dinner itself. Color address less reason improve action realize born. Sou','melissagonzalez@example.com','https://i.imgur.com/Co4AIXk.jpeg'),(27600530,'Denise Morrison','Unit soon majority doctor man. Throughout society role ability or shoulder. Cultural property trade ','patriciaturner@example.org','https://i.imgur.com/v4RnIkX.jpeg'),(27815350,'Cheryl Wood','Action radio my but ability memory certainly order.\nSell administration anyone theory. West respond ','dennisprice@example.net','https://i.imgur.com/ul7IUc8.jpeg'),(29198086,'Mary Simmons','Practice collection course threat across. Whatever around rise miss cell firm.\nAmong believe budget ','robertcruz@example.net','https://i.imgur.com/Smhfgof.jpeg'),(29329445,'Victor Bush','Nation rock international face our partner others everybody. Then project particularly set.','jennifer97@example.org','https://i.imgur.com/q8gDS6p.jpeg'),(29618505,'Anthony Brady','Drive human my write. Challenge work finally option wind.','bettypadilla@example.org','https://i.imgur.com/SYqxsif.jpeg'),(29638020,'Travis Young','Land nothing hour road year cold student against.\nResponse increase later sound response. Late leade','nmoreno@example.net','https://i.imgur.com/sDNZF4J.jpeg'),(30312408,'Jacob Swanson','Add the offer issue get human. Stand issue short. Wonder support rise culture.','diazjane@example.org','https://i.imgur.com/7WczCyg.jpeg'),(30349884,'Edwin Estrada','Attorney bad issue arm resource seem medical. Artist pressure both bed nor major. Area nature modern','michelle24@example.org','https://i.imgur.com/ixhb1FX.jpeg'),(30395368,'Laura Coleman','Effect grow whole avoid.\nSit less sport floor notice small full. Bank debate huge region loss.','matthew74@example.net','https://i.imgur.com/GP6TfYT.jpeg'),(30749473,'Megan Hoffman','Music people this population suffer choice. Media run operation make.','joshuaday@example.net','https://i.imgur.com/VC2XmiO.jpeg'),(30992486,'Andrew Brown II','Region can view commercial off. Live try weight paper suffer billion detail suffer. Institution offe','traceypatrick@example.org','https://i.imgur.com/a0grkYn.jpeg'),(31307025,'Sean Wilson','Pass soldier civil station. Huge direction contain kind its produce down. Network example situation ','elizabethsimmons@example.org','https://i.imgur.com/f39q8iY.jpeg'),(31357539,'Angela Moore','My game into mention when list trouble. Plant forward yeah check decide.','nlee@example.net','https://i.imgur.com/lcHQNUG.jpeg'),(31554900,'David Graham','Matter trip move place watch already choose. Age minute financial couple wish if outside letter.','hebertkimberly@example.net','https://i.imgur.com/IZ0C9Gi.jpeg'),(31745837,'Holly Smith','Officer business cell record radio. Cold test into need us produce option. Already participant to ma','mpena@example.com','https://i.imgur.com/NnHFxYX.jpeg'),(31930431,'Rhonda Harper','Prepare happen best task good wind. Language general morning population part south score.','johnsonjason@example.org','https://i.imgur.com/PTxDpwN.jpeg'),(32074024,'Christopher Howard','Professional resource Mr because central her. Of think both trouble until wind hour.','deanna74@example.org','https://i.imgur.com/axVRZBM.jpeg'),(32332970,'Jesse Garrett','Card difference safe. Weight image population rate rule prove statement. Offer try owner season. Fir','robinsonann@example.com','https://i.imgur.com/2etpmap.jpeg'),(32359211,'Antonio Griffin','Other economic season including miss. Leg find college southern.\nSoldier expert student. As forget p','pfernandez@example.net','https://i.imgur.com/4VsFxwf.jpeg'),(32611459,'Dylan Campbell','Now social health executive. Political walk may individual herself song kitchen.\nSpeech serious impr','reginald37@example.net','https://i.imgur.com/cQILWBX.jpeg'),(32822810,'Anthony Adams','Skin media growth draw another brother. Music paper education prepare by would personal. Generation ','kimberly25@example.com','https://i.imgur.com/ulQCcYj.jpeg'),(32951853,'John Anderson','Could half certainly seat move indeed note. Few big do style investment. Task middle choice society.','tiffany44@example.net','https://i.imgur.com/Hrgn1zB.jpeg'),(33498193,'Ruben Alexander','Team probably gas ability wind affect statement indeed. Visit point describe option.','pdonaldson@example.net','https://i.imgur.com/7DJUQic.jpeg'),(33538893,'Rachel Owens','Son doctor wind personal effort. Light think forget go peace become. Identify set camera live.','michael40@example.net','https://i.imgur.com/N3RUWYW.jpeg'),(34034935,'Christopher Benjamin','Front however spend say value conference. Magazine ten maintain sure from offer major.','kross@example.org','https://i.imgur.com/UdT8SkA.jpeg'),(34603789,'James Ayala','Example mention plant still series game report. Seven character high western whose employee.','madison44@example.org','https://i.imgur.com/pV5Icrc.jpeg'),(34831765,'Holly Roberson','Culture cause happen. Care set read tell same trip democratic. Hard what crime learn cold later.','smithbrooke@example.com','https://i.imgur.com/deUrQFT.jpeg'),(34834124,'Kaitlin Morse','Tv enjoy within type arrive. Worry senior ahead probably.','jessica98@example.com','https://i.imgur.com/cgx4RLh.jpeg'),(35180161,'Jason Rice','Contain lead it. Sure expert town sing decision brother.','tiffanyturner@example.org','https://i.imgur.com/92Blv4S.jpeg'),(35470834,'Cynthia Nelson','Support might read move spend.\nCompare race morning owner amount range. Movement fast make more out ','austinkimberly@example.net','https://i.imgur.com/KLLW1V6.jpeg'),(35641663,'William King','Health director people ready cut. Send civil by develop because agreement argue. Game practice draw ','patrick20@example.org','https://i.imgur.com/qlPPHJO.jpeg'),(35797777,'Steven Vega','Authority kid field fight stop. Reduce serve service.\nArgue early forward seat agreement. In keep re','walter92@example.com','https://i.imgur.com/a9iT4qE.jpeg'),(35984503,'Stephen Coleman DVM','Pretty game tree usually parent represent fund. Draw hand yourself result small senior.','uwoodward@example.com','https://i.imgur.com/wfNUfPs.jpeg'),(36126557,'Meredith Mcbride','Type road live first push. Vote stand easy office century note financial. Car institution win course','farleyangel@example.org','https://i.imgur.com/WLKXtKh.jpeg'),(36415536,'Nicholas Martinez','Behind customer wall month bank responsibility some. Write learn teacher ever try audience fine agen','nicole95@example.org','https://i.imgur.com/fUQP7Ku.jpeg'),(36586379,'Erin Marshall','Without stuff study attack attorney when kid. Simply market too assume seem. Opportunity agree diffe','emily08@example.com','https://i.imgur.com/YmRKMC4.jpeg'),(36632278,'Dawn Wolf','Every everything Democrat discuss bed power age. Certainly behavior all finally candidate player.','therrera@example.net','https://i.imgur.com/pIuS2qL.jpeg'),(36914140,'Laura Roth','Low yet hear push unit piece social. Star middle war town attorney many. Floor model begin college p','smithmatthew@example.com','https://i.imgur.com/tPWOfZR.jpeg'),(37178428,'Ryan Gray','Become picture capital you. Better or summer point just.\nJob western day not tough lose night. Organ','afitzpatrick@example.net','https://i.imgur.com/ePts8LF.jpeg'),(37187739,'Meagan Stanley','Hot window see however to number conference. Throw every election result former customer audience ow','keygarrett@example.com','https://i.imgur.com/xiCNCBU.jpeg'),(37334635,'Kelly Smith','Tonight his civil bring loss. President matter east turn per. Chair ahead represent.','rnelson@example.org','https://i.imgur.com/QyhifEd.jpeg'),(37522295,'Lisa Brown','Identify outside capital then glass floor you. Join nearly feeling test that bank yeah. Recognize di','choijasmine@example.com','https://i.imgur.com/ydZZut5.jpeg'),(37623763,'Scott Clark','Stage eye high race pretty. Among development suggest piece policy.','qlewis@example.org','https://i.imgur.com/63JsMZk.jpeg'),(37706551,'Joseph Espinoza','Later senior every. Treatment watch human rich rest.\nWhom beautiful page cold use industry build. Ex','markherman@example.com','https://i.imgur.com/KQpIccH.jpeg'),(38037347,'Eric Martin','Resource speak environmental week appear than war. Yourself watch career current live sense impact.','jasonsherman@example.com','https://i.imgur.com/9NzabY2.jpeg'),(38223906,'Alan Beltran','Stand his worker mission. Stand still deep doctor address simple. First stay wear.','javierpacheco@example.com','https://i.imgur.com/YVpLyeT.jpeg'),(38567179,'Jeffery Gibson','Condition decision different safe eat three focus future. Coach traditional wish sure. Add school ab','hgriffin@example.net','https://i.imgur.com/GfVXxZ5.jpeg'),(38705939,'Joel Mendoza','Old sister live young small interest create nature. Bag hot consider moment.','flemingregina@example.com','https://i.imgur.com/2HO23Xj.jpeg'),(38937310,'Scott Rivers','Marriage reflect hospital money issue federal. Beyond heart goal.\nSong garden expect fast color none','rodney20@example.net','https://i.imgur.com/Hq62DHR.jpeg'),(38976006,'Angela Mason','Record short several break event. Approach agency admit west instead agree.','laura54@example.com','https://i.imgur.com/fw07jfP.jpeg'),(38988979,'Jeffrey Ramsey','Loss baby walk health us chance threat as. Stock international main turn. Up message ability teacher','brianmurillo@example.net','https://i.imgur.com/bCagdNm.jpeg'),(39050543,'Brooke Larson','Way rise us. Economy prevent five should personal article recently. List them chance six.','anthonyflores@example.org','https://i.imgur.com/0VnDDM3.jpeg'),(39326890,'Monica Frank','May mouth house Mr deal. Since art up do. Figure day yard physical head president security.','jonathanlucas@example.org','https://i.imgur.com/4iyX3eg.jpeg'),(39427961,'Rachel Freeman','Rise personal point expert. Hit hear sea by. Admit product owner common pick.\nSometimes during thous','joshuaclark@example.com','https://i.imgur.com/WWgEqEZ.jpeg'),(39478840,'Benjamin Cain','Party where pick customer fill. Than throughout just both certain north school. Nor hospital laugh d','lopezmatthew@example.net','https://i.imgur.com/JWHjSqG.jpeg'),(39646644,'Samantha Watkins','Water happen now. What must especially career world. Case detail by order American house.','willisangela@example.org','https://i.imgur.com/FLtVuCV.jpeg'),(39797958,'Mathew Rhodes','Discover onto should. Later sell truth for. Bring husband action strong school house.','navarrovanessa@example.net','https://i.imgur.com/d8jl3BO.jpeg'),(39859670,'Michael Webb','From condition sound center area. Against listen wrong all set. Another citizen strategy paper certa','anthonyparker@example.com','https://i.imgur.com/MHwhKFm.jpeg'),(39886196,'Alan Clark','Treat series message eight boy. Movement those how.\nPositive agree community. Section their worker b','patriciaellis@example.net','https://i.imgur.com/0MAtxpV.jpeg'),(39932356,'Mrs. Lisa Smith DDS','Course build fund prevent occur focus. Occur car politics. Pull fight main apply.\nOther difference m','nmcdonald@example.org','https://i.imgur.com/B17HucG.jpeg'),(40133693,'John Cox','Popular environmental pick become same along month pretty. Keep group follow language court reveal a','courtney94@example.net','https://i.imgur.com/3dzNFib.jpeg'),(40143690,'Sara Pacheco','Find center heavy institution certainly task ever. Help either growth believe. Nothing so value indi','amandacole@example.org','https://i.imgur.com/cHcenbF.jpeg'),(40435759,'Frederick Ellison','Treatment establish pull staff discussion.\nWhatever strong authority. Far believe personal let detai','djohnson@example.net','https://i.imgur.com/dtbmm26.jpeg'),(40698212,'Christopher Padilla','Unit world drive prepare common against democratic travel.','sarah14@example.org','https://i.imgur.com/eGCRMIl.jpeg'),(40784458,'George Vargas','Employee from understand card truth. Television mean despite word product agree. Improve summer save','smithkelsey@example.org','https://i.imgur.com/S5ykmA3.jpeg'),(40923368,'Anthony Taylor Jr.','More be middle small table street. Short either up lead we behavior. Lawyer cause lawyer increase wh','pamela20@example.com','https://i.imgur.com/JoauE8l.jpeg'),(41334070,'Joshua Curtis','Nearly memory analysis any. Exactly people none media point set. Herself hot for provide.','rschwartz@example.org','https://i.imgur.com/tQU6jk5.jpeg'),(41631337,'Mark Levy','Production material cost yes. Another run because.\nState of study. Even ago low. Us win difficult fo','privera@example.net','https://i.imgur.com/SqReNS3.jpeg'),(42071710,'Melissa Parsons','Skill maybe which reflect technology. Material research arm improve. Draw thousand record station pl','jsimon@example.org','https://i.imgur.com/qrE2QgI.jpeg'),(42372807,'David Skinner','Page necessary green among executive. Range hotel protect go. Reason cut himself interview Congress ','mlewis@example.org','https://i.imgur.com/H55gyJq.jpeg'),(42387344,'Andrew Mclean','Oil outside result loss better nature. Phone pick how his themselves able girl follow.','elizabethswanson@example.com','https://i.imgur.com/5JacaxU.jpeg'),(43151517,'Ryan Bennett','Edge draw through keep. Stay something civil account education.\nWith year road information turn. Fee','elizabeth97@example.net','https://i.imgur.com/yhL0Et6.jpeg'),(43266253,'Robin Nguyen','Record bank agency produce particularly direction. Pay let other just.\nFollow staff but voice form l','copelandmelanie@example.com','https://i.imgur.com/ku7QmaX.jpeg'),(43432278,'Mandy Thomas','Investment finally north administration challenge once since. Moment reveal seem because nothing arm','eallen@example.com','https://i.imgur.com/Pc5WxBK.jpeg'),(43544296,'Daisy Salazar','Training than bad stock mean. Build best leg church. Probably simply artist drop in order.\nProvide s','angela20@example.org','https://i.imgur.com/13f97Lx.jpeg'),(43691157,'Jennifer Rhodes','Beautiful our training center but research. Science look operation upon. Wait throw book service gro','tricia05@example.org','https://i.imgur.com/1yX0rCQ.jpeg'),(44191238,'Amanda Potts','Style him be street value watch down. Half performance owner despite protect including. Teach human ','perezdaniel@example.com','https://i.imgur.com/Rtnkg2S.jpeg'),(44325043,'Mr. John Nelson','High near brother choose answer. Cup identify worry learn first none. Prevent their seat four mainta','fmckinney@example.org','https://i.imgur.com/2oo0FLG.jpeg'),(44481728,'Linda Dunn','Interesting expect husband notice part save speak. Forget gas reason Democrat hot high some.\nAffect ','jenniferthomas@example.com','https://i.imgur.com/CqgINDd.jpeg'),(45120978,'James Smith','Law allow politics no. Region until opportunity oil.\nProvide she leave feel phone worry ready.','yangheather@example.com','https://i.imgur.com/u1kseAI.jpeg'),(45234726,'Antonio Mccoy','Wind threat speech for today his. Find yard board heavy. Country above home which resource street ex','cookelori@example.org','https://i.imgur.com/8MrnCC3.jpeg'),(45311481,'Veronica Myers','Officer kid first he drop. Three great remember doctor property moment carry computer.','martinariel@example.net','https://i.imgur.com/CNtXob2.jpeg'),(45331799,'Jonathan Wheeler','Detail meeting enter loss. Car business better value modern in bar. Too rich professor this.','moorebrittany@example.net','https://i.imgur.com/wTRR2U9.jpeg'),(45680515,'Patricia Mclean','Agreement fight test big medical. Computer star exist fear.\nSport world everybody nation. He maintai','jessica71@example.net','https://i.imgur.com/gXH5zeU.jpeg'),(45713692,'Jonathan Wolfe','Perform hear worker finally. Grow have possible include.','stevenhoward@example.com','https://i.imgur.com/gLlp8Rn.jpeg'),(45865676,'Justin Thomas MD','Couple action keep. Box me part explain. Staff important life determine wait spend.','deleonpamela@example.com','https://i.imgur.com/O2PXNlY.jpeg'),(46165338,'Caitlin Bennett','Item total low attention score pattern. Unit return not term market perhaps. Himself than world.','bennettrebecca@example.net','https://i.imgur.com/Z6mIZeC.jpeg'),(46339257,'Jeremy Harvey','Language watch especially water collection. Simple make professional almost.\nSend vote either traini','brookelucas@example.org','https://i.imgur.com/xwLgsQM.jpeg'),(46391531,'William Hernandez','Detail image network walk military.\nQuite than science eight senior. Stage movement time million.','zbauer@example.com','https://i.imgur.com/Yk1aGBX.jpeg'),(46462095,'Cameron Cervantes','Receive growth trade begin series. Travel source hard teach scientist general. Only break support me','chaseschmitt@example.net','https://i.imgur.com/zS7sVjc.jpeg'),(46651949,'Thomas Crawford','Parent rather fish summer out. Along management political spring here. Its within within north.','rossdawn@example.com','https://i.imgur.com/YGArBIT.jpeg'),(46706795,'Jesus Walker','Stock reflect system magazine.','stephen92@example.com','https://i.imgur.com/RcPxyqt.jpeg'),(46731834,'Lisa Morgan','All recently indeed also. Approach personal together age week yard.\nLow year keep education wide. Su','adamhernandez@example.net','https://i.imgur.com/RvUZ0MV.jpeg'),(46824527,'Stephanie Watson','Happen station star foot environment. On like receive relationship few occur low. Try follow act inc','rachel85@example.org','https://i.imgur.com/MZFIpU4.jpeg'),(47576534,'Terri Smith','Want everyone physical others few understand. Nature surface worker type economic different and. Hea','morganlauren@example.net','https://i.imgur.com/BtJTpkw.jpeg'),(47810034,'Glenn Grant','Power expert international hard law process itself. Sometimes guess difference. Dark state property ','rodriguezanthony@example.org','https://i.imgur.com/4yRgWX7.jpeg'),(47818122,'Anthony Bray','Decade charge maintain degree. Girl order technology customer majority campaign natural. May there i','dariusmiller@example.org','https://i.imgur.com/so7PSbS.jpeg'),(47960612,'Roy Morris','Catch culture choice look machine direction. Writer produce environment minute environment often.\nRe','kara92@example.net','https://i.imgur.com/vd0PrSY.jpeg'),(48051384,'Debra Morales','Trade figure herself energy. Wait each could law mention. Its second spring tonight detail.','david88@example.org','https://i.imgur.com/5xsHPYO.jpeg'),(48131555,'Joyce Silva','He lay thank support southern old grow others. Poor picture although when.','brookeperez@example.org','https://i.imgur.com/d9bHS9y.jpeg'),(48131891,'Michael Perez','Across find PM position last available. Fly alone skill moment idea occur door. Reality memory short','carriewilliams@example.net','https://i.imgur.com/D1vVJyc.jpeg'),(48417911,'Jason Lam','Child themselves free including quality culture order. Drug deal body plan like group.','mmoore@example.net','https://i.imgur.com/Y5w7GaI.jpeg'),(48435402,'Allison Stone','Someone somebody animal unit final hair site sort. Hear candidate every reflect few.','michaelwatkins@example.com','https://i.imgur.com/PJfzARn.jpeg'),(48679205,'Jennifer Lewis','Shoulder purpose clear wear. Yes be happen commercial.','alexisjones@example.org','https://i.imgur.com/eDQKVEr.jpeg'),(49281393,'Thomas Ali','Dream many open local same. Develop project Congress. Fine thank south mind director house degree. T','mahoneydavid@example.net','https://i.imgur.com/HiiTWlx.jpeg'),(49549732,'James Hernandez','Language plant Republican beyond church. Cut name financial low. Protect its small clear once fill h','cheryl45@example.net','https://i.imgur.com/T0yyo2s.jpeg'),(49633840,'Lauren Allen','Month popular people. Cost save town contain someone. Can age play up clearly good.','sandracampbell@example.com','https://i.imgur.com/U5YLKP6.jpeg'),(49678287,'Sarah Long','Still time stop. Home view paper clearly learn tough various.\nCitizen year toward simple. Own team w','brooksjose@example.net','https://i.imgur.com/OwOoHAz.jpeg'),(49787139,'Jonathan Perez','My something well lose. Goal expect campaign happen drop ground.\nFood ready goal friend class. Lot r','jeffrey63@example.com','https://i.imgur.com/kSpUCVZ.jpeg'),(49841345,'Anita Williams','None bad shoulder interesting like. Baby huge college nor able begin.','robert96@example.org','https://i.imgur.com/iIuxqZC.jpeg'),(49919077,'Vanessa Stone','Poor wife political even. Fund tough appear every however. Develop everything computer event economy','karen32@example.com','https://i.imgur.com/8XkPqSf.jpeg');
/*!40000 ALTER TABLE `artistas` ENABLE KEYS */;
UNLOCK TABLES;

--
-- Table structure for table `compiten`
--

DROP TABLE IF EXISTS `compiten`;
/*!40101 SET @saved_cs_client     = @@character_set_client */;
/*!50503 SET character_set_client = utf8mb4 */;
CREATE TABLE `compiten` (
  `nombre_evento` varchar(100) NOT NULL,
  `nombre_escultura` varchar(100) NOT NULL,
  PRIMARY KEY (`nombre_evento`,`nombre_escultura`),
  KEY `nombre_escultura` (`nombre_escultura`),
  CONSTRAINT `compiten_ibfk_1` FOREIGN KEY (`nombre_evento`) REFERENCES `eventos` (`nombre`),
  CONSTRAINT `compiten_ibfk_2` FOREIGN KEY (`nombre_escultura`) REFERENCES `esculturas` (`nombre`)
) ENGINE=InnoDB DEFAULT CHARSET=utf8mb4 COLLATE=utf8mb4_0900_ai_ci;
/*!40101 SET character_set_client = @saved_cs_client */;

--
-- Dumping data for table `compiten`
--

LOCK TABLES `compiten` WRITE;
/*!40000 ALTER TABLE `compiten` DISABLE KEYS */;
INSERT INTO `compiten` VALUES ('Expo Rather','Abstraccion Forma'),('Expo Guess','Abstraccion Materia'),('Expo Because','Abstraccion Monumento'),('Expo Call','Abstraccion Monumento'),('Expo Ten','Abstraccion Sombra'),('Expo Course','Abstracta Obra'),('Expo Positive','Abstracta Obra'),('Expo Spring','Abstracta Obra'),('Expo Himself','Abstracta Perspectiva'),('Expo Phone','Abstracta Perspectiva'),('Expo Visit','Abstracta Silencio'),('Expo Between','Armonica Movimiento'),('Expo Check','Armonica Movimiento'),('Expo Phone','Armonica Silencio'),('Expo Spring','Armonica Templo'),('Expo Back','Atemporal Destello'),('Expo Hair','Atemporal Sueno'),('Expo Center','Brillante Materia'),('Expo Fill','Brillante Materia'),('Expo Act','Brillante Templo'),('Expo Act','Clasica Monumento'),('Expo Because','Contemplativa Identidad'),('Expo Ten','Contemplativa Profundidad'),('Expo Never','Contemplativa Simetria'),('Expo Ten','Contemplativa Sueno'),('Expo Chair','Delicada Caracter'),('Expo At','Delicada Inspiracion'),('Expo Investment','Delicada Realidad'),('Expo Nice','Delicada Reflejo'),('Expo Off','Delicada Templo'),('Expo Center','Dinamica Destello'),('Expo Back','Dinamica Esencia'),('Expo Star','Dinamica Forma'),('Expo Back','Dinamica Horizonte'),('Expo Might','Dinamica Horizonte'),('Expo Teacher','Dinamica Horizonte'),('Expo At','Dinamica Monumento'),('Expo Do','Dinamica Monumento'),('Expo Let','Dinamica Monumento'),('Expo Nice','Elegante Movimiento'),('Expo Guess','Enigmatica Obra'),('Expo My','Enigmatica Perspectiva'),('Expo Affect','Enigmatica Silencio'),('Expo Agent','Enigmatica Silencio'),('Expo Nation','Enigmatica Templo'),('Expo Magazine','Enigmatica Tranquilidad'),('Expo At','Espiritual Inspiracion'),('Expo Hair','Espiritual Profundidad'),('Expo Check','Espiritual Tradicion'),('Expo Center','Espiritual Trazos'),('Expo Star','Espiritual Trazos'),('Expo Water','Estilizada Concepto'),('Expo At','Estilizada Esencia'),('Expo Stand','Estilizada Imaginacion'),('Expo Onto','Estilizada Inspiracion'),('Expo Chair','Estilizada Piedra'),('Expo Do','Estilizada Piedra'),('Expo Black','Estilizada Silencio'),('Expo Fly','Estilizada Silencio'),('Expo Onto','Estilizada Silencio'),('Expo Investment','Estilizada Sombra'),('Expo Because','Eterna Horizonte'),('Expo Guess','Eterna Infinito'),('Expo My','Expresiva Realidad'),('Expo Water','Expresiva Realidad'),('Expo Course','Expresiva Sueno'),('Expo Own','Impactante Inspiracion'),('Expo Guess','Impactante Materia'),('Expo Because','Impactante Monumento'),('Expo Their','Imponente Concepto'),('Expo Black','Imponente Destello'),('Expo Chair','Imponente Destello'),('Expo Himself','Imponente Destello'),('Expo Commercial','Imponente Figura'),('Expo Their','Imponente Forma'),('Expo Act','Imponente Legado'),('Expo Between','Imponente Profundidad'),('Expo Spring','Imponente Reflejo'),('Expo Might','Intrincada Esencia'),('Expo Let','Intrincada Tradicion'),('Expo Glass','Majestuosa Esencia'),('Expo Himself','Majestuosa Esencia'),('Expo Rather','Majestuosa Esencia'),('Expo Ten','Mistica Trazos'),('Expo Water','Monumental Esencia'),('Expo Glass','Monumental Infinito'),('Expo Water','Monumental Infinito'),('Expo Never','Monumental Piedra'),('Expo Glass','Monumental Silencio'),('Expo Piece','Monumental Sueno'),('Expo Off','Naturalista Luz'),('Expo Agent','Radiante Identidad'),('Expo Nation','Radiante Identidad'),('Expo Let','Radiante Obra'),('Expo Positive','Radiante Obra'),('Expo Because','Resplandeciente Identidad'),('Expo Hospital','Resplandeciente Inspiracion'),('Expo My','Serena Caracter'),('Expo Ten','Serena Esencia'),('Expo Magazine','Serena Forma'),('Expo Successful','Sofisticada Caracter'),('Expo Somebody','Sofisticada Concepto'),('Expo Somebody','Sofisticada Identidad'),('Expo Visit','Sofisticada Identidad'),('Expo Act','Sofisticada Infinito'),('Expo Stand','Sofisticada Obra'),('Expo Agent','Sofisticada Sombra'),('Expo Hair','Sofisticada Templo'),('Expo Never','Sofisticada Templo'),('Expo Their','Sofisticada Templo'),('Expo Guess','Sublime Caracter'),('Expo My','Sublime Caracter'),('Expo Do','Sublime Infinito'),('Expo My','Sublime Infinito'),('Expo Teacher','Sublime Movimiento'),('Expo Because','Sublime Piedra'),('Expo Might','Sublime Silencio'),('Expo Onto','Sublime Silencio'),('Expo Piece','Sublime Silencio'),('Expo Let','Sublime Trazos'),('Expo Own','Trascendental Luz'),('Expo Black','Trascendental Materia'),('Expo Nation','Trascendental Materia'),('Expo Several','Trascendental Materia'),('Expo Successful','Trascendental Sueno'),('Expo At','Vanguardista Caracter'),('Expo Affect','Vanguardista Figura'),('Expo Commercial','Vanguardista Figura'),('Expo Fly','Vanguardista Figura'),('Expo Somebody','Vanguardista Figura'),('Expo Fill','Vanguardista Legado'),('Expo Practice','Visionaria Forma'),('Expo Successful','Visionaria Imaginacion'),('Expo Act','Visionaria Realidad'),('Expo Back','Visionaria Simetria');
/*!40000 ALTER TABLE `compiten` ENABLE KEYS */;
UNLOCK TABLES;

--
-- Table structure for table `esculturas`
--

DROP TABLE IF EXISTS `esculturas`;
/*!40101 SET @saved_cs_client     = @@character_set_client */;
/*!50503 SET character_set_client = utf8mb4 */;
CREATE TABLE `esculturas` (
  `nombre` varchar(100) NOT NULL,
  `f_creacion` date DEFAULT NULL,
  `antecedentes` tinyint(1) DEFAULT '0',
  `tecnica` varchar(100) DEFAULT NULL,
  PRIMARY KEY (`nombre`)
) ENGINE=InnoDB DEFAULT CHARSET=utf8mb4 COLLATE=utf8mb4_0900_ai_ci;
/*!40101 SET character_set_client = @saved_cs_client */;

--
-- Dumping data for table `esculturas`
--

LOCK TABLES `esculturas` WRITE;
/*!40000 ALTER TABLE `esculturas` DISABLE KEYS */;
INSERT INTO `esculturas` VALUES ('Abstraccion Forma','2023-08-05',1,'Fundicion'),('Abstraccion Materia','2019-01-11',1,'Cincelado'),('Abstraccion Monumento','2019-03-09',1,'Cincelado'),('Abstraccion Sombra','2022-06-23',0,'Soldadura'),('Abstracta Obra','2016-02-11',0,'Tallado'),('Abstracta Perspectiva','2017-08-21',1,'Tallado'),('Abstracta Silencio','2024-09-18',1,'Fundicion'),('Armonica Movimiento','2021-10-01',0,'Modelado'),('Armonica Silencio','2017-09-10',1,'Soldadura'),('Armonica Templo','2018-10-07',1,'Cincelado'),('Atemporal Destello','2016-10-07',0,'Tallado'),('Atemporal Sueno','2016-11-23',1,'Cincelado'),('Brillante Materia','2018-12-03',1,'Soldadura'),('Brillante Templo','2018-08-01',0,'Cincelado'),('Clasica Monumento','2017-06-03',0,'Soldadura'),('Contemplativa Identidad','2016-02-15',0,'Fundicion'),('Contemplativa Profundidad','2023-08-10',0,'Fundicion'),('Contemplativa Simetria','2018-04-18',1,'Fundicion'),('Contemplativa Sueno','2019-05-08',1,'Modelado'),('Delicada Caracter','2019-04-09',0,'Soldadura'),('Delicada Inspiracion','2023-05-27',1,'Modelado'),('Delicada Realidad','2016-03-19',0,'Soldadura'),('Delicada Reflejo','2022-03-05',1,'Fundicion'),('Delicada Templo','2024-01-07',0,'Soldadura'),('Dinamica Destello','2023-04-19',1,'Fundicion'),('Dinamica Esencia','2022-10-25',1,'Soldadura'),('Dinamica Forma','2022-01-25',1,'Cincelado'),('Dinamica Horizonte','2015-10-15',0,'Soldadura'),('Dinamica Monumento','2021-05-10',1,'Fundicion'),('Elegante Movimiento','2016-07-03',1,'Soldadura'),('Enigmatica Obra','2023-12-02',0,'Soldadura'),('Enigmatica Perspectiva','2022-01-31',1,'Cincelado'),('Enigmatica Silencio','2023-12-30',0,'Fundicion'),('Enigmatica Templo','2023-10-07',0,'Tallado'),('Enigmatica Tranquilidad','2022-04-27',1,'Soldadura'),('Espiritual Inspiracion','2024-05-27',0,'Modelado'),('Espiritual Profundidad','2016-01-07',1,'Modelado'),('Espiritual Tradicion','2024-06-13',1,'Fundicion'),('Espiritual Trazos','2023-06-26',1,'Modelado'),('Estilizada Concepto','2023-05-31',1,'Soldadura'),('Estilizada Esencia','2021-11-21',1,'Fundicion'),('Estilizada Imaginacion','2018-10-05',1,'Tallado'),('Estilizada Inspiracion','2024-10-04',0,'Modelado'),('Estilizada Piedra','2023-09-03',1,'Cincelado'),('Estilizada Silencio','2015-11-29',0,'Soldadura'),('Estilizada Sombra','2020-06-24',1,'Cincelado'),('Eterna Horizonte','2018-05-22',1,'Fundicion'),('Eterna Infinito','2020-02-22',0,'Cincelado'),('Expresiva Realidad','2020-01-24',1,'Tallado'),('Expresiva Sueno','2021-07-03',1,'Fundicion'),('Impactante Inspiracion','2022-07-07',1,'Fundicion'),('Impactante Materia','2018-10-01',1,'Modelado'),('Impactante Monumento','2024-10-04',1,'Tallado'),('Imponente Concepto','2015-01-07',1,'Tallado'),('Imponente Destello','2021-08-14',1,'Soldadura'),('Imponente Figura','2022-04-07',1,'Fundicion'),('Imponente Forma','2021-06-27',1,'Soldadura'),('Imponente Legado','2017-01-02',1,'Modelado'),('Imponente Profundidad','2017-10-13',1,'Tallado'),('Imponente Reflejo','2021-12-10',1,'Soldadura'),('Intrincada Esencia','2020-08-16',1,'Modelado'),('Intrincada Tradicion','2022-06-21',1,'Fundicion'),('Majestuosa Esencia','2019-01-11',0,'Tallado'),('Mistica Trazos','2022-02-02',0,'Soldadura'),('Monumental Esencia','2015-08-07',1,'Tallado'),('Monumental Infinito','2021-09-19',0,'Cincelado'),('Monumental Piedra','2023-01-30',0,'Tallado'),('Monumental Silencio','2023-03-29',1,'Soldadura'),('Monumental Sueno','2019-08-25',1,'Modelado'),('Naturalista Luz','2019-10-16',0,'Tallado'),('Radiante Identidad','2015-06-21',0,'Fundicion'),('Radiante Obra','2023-12-22',1,'Fundicion'),('Resplandeciente Identidad','2024-08-26',1,'Tallado'),('Resplandeciente Inspiracion','2024-05-05',0,'Cincelado'),('Serena Caracter','2022-11-07',0,'Fundicion'),('Serena Esencia','2023-04-02',0,'Tallado'),('Serena Forma','2021-10-05',1,'Modelado'),('Sofisticada Caracter','2022-05-25',1,'Fundicion'),('Sofisticada Concepto','2015-02-17',1,'Tallado'),('Sofisticada Identidad','2022-02-06',1,'Modelado'),('Sofisticada Infinito','2014-11-23',1,'Cincelado'),('Sofisticada Obra','2015-04-26',0,'Tallado'),('Sofisticada Sombra','2022-05-28',0,'Soldadura'),('Sofisticada Templo','2016-07-13',1,'Soldadura'),('Sublime Caracter','2023-05-17',0,'Modelado'),('Sublime Infinito','2023-05-23',1,'Soldadura'),('Sublime Movimiento','2016-11-21',1,'Soldadura'),('Sublime Piedra','2018-01-25',1,'Tallado'),('Sublime Silencio','2023-10-12',0,'Modelado'),('Sublime Trazos','2024-01-20',1,'Fundicion'),('Trascendental Luz','2018-11-24',0,'Soldadura'),('Trascendental Materia','2020-07-18',1,'Modelado'),('Trascendental Sueno','2021-05-07',1,'Tallado'),('Vanguardista Caracter','2021-07-07',0,'Fundicion'),('Vanguardista Figura','2015-11-28',0,'Cincelado'),('Vanguardista Legado','2016-05-15',0,'Soldadura'),('Visionaria Forma','2015-05-14',1,'Cincelado'),('Visionaria Imaginacion','2022-12-03',0,'Tallado'),('Visionaria Realidad','2015-08-03',0,'Modelado'),('Visionaria Simetria','2021-12-02',0,'Soldadura');
/*!40000 ALTER TABLE `esculturas` ENABLE KEYS */;
UNLOCK TABLES;

--
-- Table structure for table `eventos`
--

DROP TABLE IF EXISTS `eventos`;
/*!40101 SET @saved_cs_client     = @@character_set_client */;
/*!50503 SET character_set_client = utf8mb4 */;
CREATE TABLE `eventos` (
  `nombre` varchar(200) NOT NULL,
  `lugar` varchar(100) NOT NULL,
  `fecha_inicio` date DEFAULT NULL,
  `fecha_fin` date DEFAULT NULL,
  `tematica` varchar(100) DEFAULT NULL,
  `hora_inicio` time DEFAULT NULL,
  `hora_fin` time DEFAULT NULL,
  PRIMARY KEY (`nombre`,`lugar`)
) ENGINE=InnoDB DEFAULT CHARSET=utf8mb4 COLLATE=utf8mb4_0900_ai_ci;
/*!40101 SET character_set_client = @saved_cs_client */;

--
-- Dumping data for table `eventos`
--

LOCK TABLES `eventos` WRITE;
/*!40000 ALTER TABLE `eventos` DISABLE KEYS */;
INSERT INTO `eventos` VALUES ('Expo Act','South Juliemouth','2024-10-12','2024-10-13','Esculturas Modernas','14:00:00','15:30:00'),('Expo Affect','Smithmouth','2024-10-08','2024-10-09','Historia del Arte','13:30:00','18:00:00'),('Expo Agent','Brendaton','2024-10-08','2024-10-09','Tecnologia y Arte','11:00:00','13:00:00'),('Expo At','Kingmouth','2024-10-08','2024-10-08','Tecnologia y Arte','18:00:00','19:00:00'),('Expo Back','Boydmouth','2024-10-11','2024-10-12','Arte Contemporaneo','18:30:00','20:30:00'),('Expo Because','Port Jennifermouth','2024-10-14','2024-10-14','Tecnologia y Arte','10:00:00','15:30:00'),('Expo Between','North Michelleport','2024-10-10','2024-10-11','Esculturas Modernas','14:00:00','21:00:00'),('Expo Black','Smithshire','2024-10-13','2024-10-13','Tecnologia y Arte','13:30:00','15:30:00'),('Expo Call','Lake Deborah','2024-10-14','2024-10-15','Escultura Urbana','10:30:00','15:30:00'),('Expo Center','Port Juliechester','2024-10-09','2024-10-10','Escultura Urbana','14:30:00','16:00:00'),('Expo Chair','New Patriciaside','2024-10-10','2024-10-10','Historia del Arte','19:00:00','21:00:00'),('Expo Check','Brittanyview','2024-10-11','2024-10-12','Escultura Urbana','17:30:00','20:00:00'),('Expo Commercial','Robinsonberg','2024-10-14','2024-10-14','Escultura Urbana','10:30:00','13:30:00'),('Expo Course','East Tanya','2024-10-11','2024-10-11','Arte Contemporaneo','15:30:00','17:00:00'),('Expo Do','Ronaldland','2024-10-10','2024-10-10','Esculturas Modernas','12:30:00','18:00:00'),('Expo Fill','Bennetttown','2024-10-08','2024-10-09','Escultura Urbana','21:00:00','21:30:00'),('Expo Fly','Paulmouth','2024-10-09','2024-10-09','Esculturas Modernas','08:30:00','19:00:00'),('Expo Glass','Port Kristenmouth','2024-10-10','2024-10-10','Escultura Urbana','10:30:00','21:00:00'),('Expo Guess','Maddenport','2024-10-14','2024-10-14','Esculturas Modernas','08:30:00','09:00:00'),('Expo Hair','Longborough','2024-10-09','2024-10-10','Historia del Arte','12:30:00','18:00:00'),('Expo Himself','Goodmanberg','2024-10-09','2024-10-09','Historia del Arte','19:00:00','19:30:00'),('Expo Hospital','Johnsonberg','2024-10-12','2024-10-12','Historia del Arte','09:30:00','16:30:00'),('Expo Investment','Jordanville','2024-10-09','2024-10-10','Arte Contemporaneo','15:00:00','18:00:00'),('Expo Let','Lake Jennifer','2024-10-13','2024-10-13','Escultura Urbana','19:00:00','19:30:00'),('Expo Magazine','Kelseystad','2024-10-11','2024-10-11','Historia del Arte','14:30:00','15:00:00'),('Expo Might','South Andrewtown','2024-10-12','2024-10-12','Arte Contemporaneo','10:00:00','14:30:00'),('Expo My','North Frankton','2024-10-10','2024-10-11','Historia del Arte','11:30:00','19:30:00'),('Expo Nation','Stephaniemouth','2024-10-08','2024-10-09','Historia del Arte','11:00:00','14:30:00'),('Expo Never','Martinburgh','2024-10-08','2024-10-09','Patrimonio Cultural','15:30:00','17:00:00'),('Expo Nice','Goodwinshire','2024-10-13','2024-10-14','Escultura Urbana','09:00:00','20:30:00'),('Expo Off','Smithhaven','2024-10-11','2024-10-11','Escultura Urbana','16:00:00','21:00:00'),('Expo Onto','Jamieport','2024-10-09','2024-10-09','Historia del Arte','17:30:00','21:30:00'),('Expo Own','Navarromouth','2024-10-14','2024-10-15','Esculturas Modernas','12:30:00','20:30:00'),('Expo Phone','Stevenview','2024-10-14','2024-10-14','Esculturas Modernas','08:30:00','14:30:00'),('Expo Piece','Robertville','2024-10-14','2024-10-15','Historia del Arte','16:30:00','19:30:00'),('Expo Positive','Scottchester','2024-10-14','2024-10-15','Patrimonio Cultural','10:30:00','20:00:00'),('Expo Practice','New Calvinville','2024-10-10','2024-10-10','Esculturas Modernas','13:30:00','18:30:00'),('Expo Rather','Kennethmouth','2024-10-13','2024-10-13','Historia del Arte','13:00:00','16:30:00'),('Expo Several','Floresshire','2024-10-10','2024-10-10','Arte Contemporaneo','10:00:00','17:30:00'),('Expo Several','West Ashley','2024-10-14','2024-10-14','Escultura Urbana','09:30:00','13:30:00'),('Expo Somebody','Williamsmouth','2024-10-08','2024-10-08','Escultura Urbana','15:00:00','19:30:00'),('Expo Spring','Nataliestad','2024-10-11','2024-10-11','Arte Contemporaneo','10:30:00','20:30:00'),('Expo Stand','Rebeccafurt','2024-10-14','2024-10-15','Historia del Arte','12:00:00','15:00:00'),('Expo Star','Benjaminbury','2024-10-08','2024-10-08','Escultura Urbana','19:00:00','20:30:00'),('Expo Successful','Cruzbury','2024-10-13','2024-10-14','Tecnologia y Arte','13:30:00','15:30:00'),('Expo Teacher','East Brandymouth','2024-10-12','2024-10-12','Patrimonio Cultural','08:00:00','10:30:00'),('Expo Ten','Lake Linda','2024-10-08','2024-10-08','Esculturas Modernas','12:30:00','20:00:00'),('Expo Their','East Edwin','2024-10-13','2024-10-14','Arte Contemporaneo','09:30:00','15:00:00'),('Expo Visit','North Amychester','2024-10-09','2024-10-10','Escultura Urbana','16:30:00','18:30:00'),('Expo Water','New Justin','2024-10-13','2024-10-13','Esculturas Modernas','12:00:00','21:00:00');
/*!40000 ALTER TABLE `eventos` ENABLE KEYS */;
UNLOCK TABLES;

--
-- Table structure for table `hechas_por`
--

DROP TABLE IF EXISTS `hechas_por`;
/*!40101 SET @saved_cs_client     = @@character_set_client */;
/*!50503 SET character_set_client = utf8mb4 */;
CREATE TABLE `hechas_por` (
  `DNI` int NOT NULL,
  `nombre_escultura` varchar(100) NOT NULL,
  PRIMARY KEY (`DNI`,`nombre_escultura`),
  KEY `nombre_escultura` (`nombre_escultura`),
  CONSTRAINT `hechas_por_ibfk_1` FOREIGN KEY (`DNI`) REFERENCES `artistas` (`DNI`),
  CONSTRAINT `hechas_por_ibfk_2` FOREIGN KEY (`nombre_escultura`) REFERENCES `esculturas` (`nombre`)
) ENGINE=InnoDB DEFAULT CHARSET=utf8mb4 COLLATE=utf8mb4_0900_ai_ci;
/*!40101 SET character_set_client = @saved_cs_client */;

--
-- Dumping data for table `hechas_por`
--

LOCK TABLES `hechas_por` WRITE;
/*!40000 ALTER TABLE `hechas_por` DISABLE KEYS */;
INSERT INTO `hechas_por` VALUES (39932356,'Abstraccion Forma'),(46651949,'Abstraccion Forma'),(49787139,'Abstraccion Forma'),(24668524,'Abstraccion Materia'),(32951853,'Abstraccion Materia'),(15152065,'Abstraccion Monumento'),(29618505,'Abstraccion Monumento'),(38976006,'Abstraccion Monumento'),(16349562,'Abstraccion Sombra'),(17050341,'Abstraccion Sombra'),(40784458,'Abstraccion Sombra'),(45680515,'Abstraccion Sombra'),(32359211,'Abstracta Obra'),(38937310,'Abstracta Obra'),(19336598,'Abstracta Perspectiva'),(17207142,'Abstracta Silencio'),(31930431,'Abstracta Silencio'),(49678287,'Abstracta Silencio'),(18755497,'Armonica Movimiento'),(26354744,'Armonica Movimiento'),(26567137,'Armonica Movimiento'),(26353208,'Armonica Silencio'),(47576534,'Armonica Silencio'),(26353208,'Armonica Templo'),(38567179,'Armonica Templo'),(13564262,'Atemporal Destello'),(23333422,'Atemporal Destello'),(27397369,'Atemporal Destello'),(15468991,'Atemporal Sueno'),(26318193,'Atemporal Sueno'),(46824527,'Atemporal Sueno'),(19043163,'Brillante Materia'),(25406176,'Brillante Templo'),(33498193,'Brillante Templo'),(49841345,'Brillante Templo'),(31554900,'Clasica Monumento'),(15468991,'Contemplativa Identidad'),(40784458,'Contemplativa Identidad'),(40133693,'Contemplativa Profundidad'),(46391531,'Contemplativa Profundidad'),(16082682,'Contemplativa Simetria'),(38988979,'Contemplativa Simetria'),(40923368,'Contemplativa Simetria'),(49281393,'Contemplativa Simetria'),(16576340,'Contemplativa Sueno'),(27357051,'Delicada Caracter'),(34034935,'Delicada Caracter'),(48131891,'Delicada Caracter'),(38567179,'Delicada Inspiracion'),(27357325,'Delicada Realidad'),(30992486,'Delicada Reflejo'),(34603789,'Delicada Reflejo'),(24336555,'Delicada Templo'),(23333422,'Dinamica Destello'),(43151517,'Dinamica Destello'),(15198288,'Dinamica Esencia'),(30349884,'Dinamica Forma'),(34034935,'Dinamica Forma'),(32359211,'Dinamica Horizonte'),(49281393,'Dinamica Horizonte'),(21639650,'Dinamica Monumento'),(29198086,'Elegante Movimiento'),(39932356,'Enigmatica Obra'),(46339257,'Enigmatica Obra'),(43544296,'Enigmatica Perspectiva'),(15001084,'Enigmatica Silencio'),(10004797,'Enigmatica Templo'),(16749355,'Enigmatica Templo'),(24144044,'Enigmatica Templo'),(10884210,'Enigmatica Tranquilidad'),(17111848,'Enigmatica Tranquilidad'),(48417911,'Enigmatica Tranquilidad'),(47810034,'Espiritual Inspiracion'),(48435402,'Espiritual Inspiracion'),(29329445,'Espiritual Profundidad'),(49919077,'Espiritual Profundidad'),(18263633,'Espiritual Tradicion'),(20909691,'Espiritual Trazos'),(39859670,'Estilizada Concepto'),(10884210,'Estilizada Esencia'),(15152065,'Estilizada Esencia'),(33498193,'Estilizada Esencia'),(33538893,'Estilizada Esencia'),(42372807,'Estilizada Esencia'),(46706795,'Estilizada Esencia'),(19043163,'Estilizada Imaginacion'),(32951853,'Estilizada Imaginacion'),(45234726,'Estilizada Imaginacion'),(39326890,'Estilizada Inspiracion'),(20909691,'Estilizada Piedra'),(15746423,'Estilizada Silencio'),(30749473,'Estilizada Silencio'),(25406176,'Estilizada Sombra'),(30395368,'Estilizada Sombra'),(12559341,'Eterna Horizonte'),(17207142,'Eterna Horizonte'),(26354744,'Eterna Infinito'),(45234726,'Eterna Infinito'),(13128646,'Expresiva Realidad'),(14966209,'Expresiva Realidad'),(17640717,'Expresiva Sueno'),(19336598,'Expresiva Sueno'),(25131980,'Impactante Inspiracion'),(38976006,'Impactante Inspiracion'),(14443212,'Impactante Materia'),(39646644,'Impactante Materia'),(43151517,'Impactante Monumento'),(46339257,'Impactante Monumento'),(10004797,'Imponente Concepto'),(38037347,'Imponente Destello'),(43544296,'Imponente Figura'),(21832238,'Imponente Forma'),(17207142,'Imponente Legado'),(36586379,'Imponente Legado'),(37178428,'Imponente Legado'),(34603789,'Imponente Profundidad'),(40133693,'Imponente Profundidad'),(48435402,'Imponente Profundidad'),(29618505,'Imponente Reflejo'),(24144044,'Intrincada Esencia'),(31554900,'Intrincada Esencia'),(39050543,'Intrincada Esencia'),(12559341,'Intrincada Tradicion'),(14443212,'Intrincada Tradicion'),(35641663,'Intrincada Tradicion'),(39646644,'Intrincada Tradicion'),(12219725,'Majestuosa Esencia'),(17226785,'Majestuosa Esencia'),(26354744,'Majestuosa Esencia'),(16349562,'Mistica Trazos'),(17182333,'Mistica Trazos'),(29329445,'Monumental Esencia'),(35180161,'Monumental Esencia'),(15001084,'Monumental Infinito'),(22066828,'Monumental Infinito'),(19363101,'Monumental Piedra'),(30349884,'Monumental Piedra'),(45234726,'Monumental Piedra'),(34034935,'Monumental Silencio'),(44191238,'Monumental Silencio'),(44191238,'Monumental Sueno'),(32332970,'Naturalista Luz'),(37187739,'Naturalista Luz'),(17673824,'Radiante Identidad'),(32332970,'Radiante Identidad'),(16330399,'Radiante Obra'),(24094110,'Resplandeciente Identidad'),(37334635,'Resplandeciente Identidad'),(47576534,'Resplandeciente Identidad'),(14966209,'Resplandeciente Inspiracion'),(32332970,'Resplandeciente Inspiracion'),(45680515,'Resplandeciente Inspiracion'),(26698655,'Serena Caracter'),(25662176,'Serena Esencia'),(40143690,'Serena Esencia'),(34034935,'Serena Forma'),(16060002,'Sofisticada Caracter'),(31357539,'Sofisticada Caracter'),(20482808,'Sofisticada Concepto'),(38223906,'Sofisticada Concepto'),(42372807,'Sofisticada Concepto'),(48435402,'Sofisticada Concepto'),(45680515,'Sofisticada Identidad'),(10884210,'Sofisticada Infinito'),(40698212,'Sofisticada Infinito'),(15746423,'Sofisticada Obra'),(24668524,'Sofisticada Obra'),(45865676,'Sofisticada Obra'),(18755497,'Sofisticada Sombra'),(34603789,'Sofisticada Sombra'),(38567179,'Sofisticada Sombra'),(39797958,'Sofisticada Sombra'),(26698655,'Sofisticada Templo'),(14966209,'Sublime Caracter'),(31930431,'Sublime Caracter'),(40143690,'Sublime Infinito'),(19363101,'Sublime Movimiento'),(16576340,'Sublime Piedra'),(23333422,'Sublime Piedra'),(27815350,'Sublime Piedra'),(49919077,'Sublime Piedra'),(21832238,'Sublime Silencio'),(37522295,'Sublime Silencio'),(48131555,'Sublime Trazos'),(29198086,'Trascendental Luz'),(46651949,'Trascendental Materia'),(29198086,'Trascendental Sueno'),(19363101,'Vanguardista Caracter'),(40133693,'Vanguardista Caracter'),(40698212,'Vanguardista Caracter'),(15198288,'Vanguardista Figura'),(34831765,'Vanguardista Figura'),(31745837,'Vanguardista Legado'),(47960612,'Vanguardista Legado'),(16408110,'Visionaria Forma'),(30992486,'Visionaria Forma'),(33498193,'Visionaria Forma'),(24144044,'Visionaria Imaginacion'),(14360618,'Visionaria Realidad'),(31745837,'Visionaria Simetria');
/*!40000 ALTER TABLE `hechas_por` ENABLE KEYS */;
UNLOCK TABLES;

--
-- Table structure for table `imagenes`
--

DROP TABLE IF EXISTS `imagenes`;
/*!40101 SET @saved_cs_client     = @@character_set_client */;
/*!50503 SET character_set_client = utf8mb4 */;
CREATE TABLE `imagenes` (
  `URL` varchar(100) NOT NULL,
  `etapa` varchar(100) DEFAULT NULL,
  `nombre_escultura` varchar(100) NOT NULL,
  PRIMARY KEY (`URL`),
  KEY `nombre_escultura` (`nombre_escultura`),
  CONSTRAINT `imagenes_ibfk_1` FOREIGN KEY (`nombre_escultura`) REFERENCES `esculturas` (`nombre`)
) ENGINE=InnoDB DEFAULT CHARSET=utf8mb4 COLLATE=utf8mb4_0900_ai_ci;
/*!40101 SET character_set_client = @saved_cs_client */;

--
-- Dumping data for table `imagenes`
--

LOCK TABLES `imagenes` WRITE;
/*!40000 ALTER TABLE `imagenes` DISABLE KEYS */;
INSERT INTO `imagenes` VALUES ('https://i.imgur.com/01SnOaD.jpeg','Etapa 2','Delicada Templo'),('https://i.imgur.com/0DAUZWd.jpeg','Etapa 5','Brillante Templo'),('https://i.imgur.com/0H38iip.jpeg','Etapa 5','Delicada Caracter'),('https://i.imgur.com/0opyKSZ.jpeg','Etapa 4','Estilizada Piedra'),('https://i.imgur.com/1CG1GlI.jpeg','Etapa 5','Majestuosa Esencia'),('https://i.imgur.com/1ssY5aT.jpeg','Etapa 4','Serena Forma'),('https://i.imgur.com/1yLLymm.jpeg','Etapa 5','Abstraccion Forma'),('https://i.imgur.com/3vbbE0s.jpeg','Etapa 2','Abstracta Silencio'),('https://i.imgur.com/4ZAfMVe.jpeg','Etapa 1','Mistica Trazos'),('https://i.imgur.com/6linGZs.jpeg','Etapa 2','Clasica Monumento'),('https://i.imgur.com/6pEmhi1.jpeg','Etapa 4','Vanguardista Figura'),('https://i.imgur.com/6PjCeJM.jpeg','Etapa 1','Abstraccion Forma'),('https://i.imgur.com/88bVzdM.jpeg','Etapa 1','Vanguardista Legado'),('https://i.imgur.com/8R8JwVu.jpeg','Etapa 3','Contemplativa Simetria'),('https://i.imgur.com/8xinn1V.jpeg','Etapa 4','Brillante Materia'),('https://i.imgur.com/9AB0cry.jpeg','Etapa 1','Sublime Silencio'),('https://i.imgur.com/9AJrN9X.jpeg','Etapa 1','Sublime Piedra'),('https://i.imgur.com/9kdyNku.jpeg','Etapa 3','Contemplativa Profundidad'),('https://i.imgur.com/a5HkvyO.jpeg','Etapa 3','Imponente Legado'),('https://i.imgur.com/A6tw1A8.jpeg','Etapa 1','Impactante Monumento'),('https://i.imgur.com/Ale8j6c.jpeg','Etapa 5','Monumental Silencio'),('https://i.imgur.com/Aqhtn6C.jpeg','Etapa 1','Monumental Esencia'),('https://i.imgur.com/AstSVpK.jpeg','Etapa 1','Abstraccion Materia'),('https://i.imgur.com/Av4A1Fv.jpeg','Etapa 1','Expresiva Sueno'),('https://i.imgur.com/BGJoGao.jpeg','Etapa 5','Enigmatica Obra'),('https://i.imgur.com/blQrtfB.jpeg','Etapa 1','Espiritual Profundidad'),('https://i.imgur.com/bqyBQEU.jpeg','Etapa 2','Dinamica Esencia'),('https://i.imgur.com/BSXYzTW.jpeg','Etapa 5','Impactante Materia'),('https://i.imgur.com/bz1goQf.jpeg','Etapa 3','Contemplativa Sueno'),('https://i.imgur.com/CgxHBiH.jpeg','Etapa 5','Estilizada Silencio'),('https://i.imgur.com/cjMUT1m.jpeg','Etapa 4','Sofisticada Caracter'),('https://i.imgur.com/co7bJUV.jpeg','Etapa 5','Visionaria Realidad'),('https://i.imgur.com/CsZNfbN.jpeg','Etapa 3','Expresiva Realidad'),('https://i.imgur.com/cWL6W5h.jpeg','Etapa 3','Espiritual Inspiracion'),('https://i.imgur.com/CyBtHDU.jpeg','Etapa 5','Majestuosa Esencia'),('https://i.imgur.com/d9JMlFZ.jpeg','Etapa 1','Contemplativa Profundidad'),('https://i.imgur.com/E5AP8gq.jpeg','Etapa 1','Sublime Trazos'),('https://i.imgur.com/e9lrzoS.jpeg','Etapa 1','Enigmatica Silencio'),('https://i.imgur.com/EJbm6kX.jpeg','Etapa 2','Eterna Horizonte'),('https://i.imgur.com/EQTqxYY.jpeg','Etapa 3','Radiante Identidad'),('https://i.imgur.com/EtNULUZ.jpeg','Etapa 4','Abstraccion Sombra'),('https://i.imgur.com/ExV5zQR.jpeg','Etapa 3','Visionaria Simetria'),('https://i.imgur.com/f76xFAl.jpeg','Etapa 3','Brillante Materia'),('https://i.imgur.com/FHGWt0l.jpeg','Etapa 3','Eterna Infinito'),('https://i.imgur.com/FKy39x8.jpeg','Etapa 5','Estilizada Sombra'),('https://i.imgur.com/FLHJdpQ.jpeg','Etapa 5','Brillante Templo'),('https://i.imgur.com/FpzGKTT.jpeg','Etapa 1','Armonica Templo'),('https://i.imgur.com/FsvZGDB.jpeg','Etapa 1','Delicada Templo'),('https://i.imgur.com/gFrXG3K.jpeg','Etapa 1','Visionaria Forma'),('https://i.imgur.com/gOnWGvl.jpeg','Etapa 3','Sofisticada Infinito'),('https://i.imgur.com/GroiJON.jpeg','Etapa 1','Delicada Reflejo'),('https://i.imgur.com/gRpCRpE.jpeg','Etapa 4','Dinamica Horizonte'),('https://i.imgur.com/GunxQ9K.jpeg','Etapa 5','Enigmatica Perspectiva'),('https://i.imgur.com/hLhRIF8.jpeg','Etapa 5','Visionaria Imaginacion'),('https://i.imgur.com/HMT3r98.jpeg','Etapa 4','Enigmatica Templo'),('https://i.imgur.com/HoScr5I.jpeg','Etapa 1','Sofisticada Templo'),('https://i.imgur.com/hSOLuXD.jpeg','Etapa 4','Sublime Infinito'),('https://i.imgur.com/HVbcdMZ.jpeg','Etapa 5','Imponente Reflejo'),('https://i.imgur.com/hWeXnwW.jpeg','Etapa 3','Elegante Movimiento'),('https://i.imgur.com/hYRgFUX.jpeg','Etapa 2','Abstraccion Monumento'),('https://i.imgur.com/I3K6Q6q.jpeg','Etapa 1','Radiante Obra'),('https://i.imgur.com/IJ7nnHY.jpeg','Etapa 4','Eterna Infinito'),('https://i.imgur.com/iKrcgnt.jpeg','Etapa 2','Dinamica Forma'),('https://i.imgur.com/ipEHcGy.jpeg','Etapa 1','Armonica Silencio'),('https://i.imgur.com/ITXUloG.jpeg','Etapa 5','Monumental Silencio'),('https://i.imgur.com/JBIpLx9.jpeg','Etapa 4','Sofisticada Obra'),('https://i.imgur.com/JHE5ze8.jpeg','Etapa 5','Espiritual Tradicion'),('https://i.imgur.com/jpVmmnh.jpeg','Etapa 5','Serena Esencia'),('https://i.imgur.com/k3vdjum.jpeg','Etapa 2','Abstracta Perspectiva'),('https://i.imgur.com/k6ePPUU.jpeg','Etapa 3','Mistica Trazos'),('https://i.imgur.com/Kd2hKtw.jpeg','Etapa 5','Vanguardista Caracter'),('https://i.imgur.com/KKbQJW1.jpeg','Etapa 2','Majestuosa Esencia'),('https://i.imgur.com/KpBwnhO.jpeg','Etapa 1','Armonica Movimiento'),('https://i.imgur.com/L45kMkj.jpeg','Etapa 1','Monumental Silencio'),('https://i.imgur.com/lcRIdEF.jpeg','Etapa 5','Elegante Movimiento'),('https://i.imgur.com/LNaKKOw.jpeg','Etapa 2','Intrincada Esencia'),('https://i.imgur.com/M0TPZ2a.jpeg','Etapa 2','Trascendental Sueno'),('https://i.imgur.com/M1RJfnd.jpeg','Etapa 4','Trascendental Materia'),('https://i.imgur.com/m2jasin.jpeg','Etapa 1','Imponente Forma'),('https://i.imgur.com/mex8aK5.jpeg','Etapa 4','Espiritual Trazos'),('https://i.imgur.com/naxExUB.jpeg','Etapa 2','Intrincada Tradicion'),('https://i.imgur.com/nCroSDZ.jpeg','Etapa 5','Imponente Figura'),('https://i.imgur.com/NiLOxJu.jpeg','Etapa 3','Atemporal Destello'),('https://i.imgur.com/nQHP9DV.jpeg','Etapa 2','Dinamica Destello'),('https://i.imgur.com/O61P7jO.jpeg','Etapa 5','Visionaria Forma'),('https://i.imgur.com/Ob5PiPi.jpeg','Etapa 3','Estilizada Imaginacion'),('https://i.imgur.com/OLRzKIR.jpeg','Etapa 2','Trascendental Sueno'),('https://i.imgur.com/oXHAEy2.jpeg','Etapa 3','Expresiva Sueno'),('https://i.imgur.com/PBac05e.jpeg','Etapa 4','Delicada Realidad'),('https://i.imgur.com/pjzLfkf.jpeg','Etapa 2','Enigmatica Perspectiva'),('https://i.imgur.com/PNWsOBr.jpeg','Etapa 2','Armonica Silencio'),('https://i.imgur.com/puTDk7Y.jpeg','Etapa 2','Naturalista Luz'),('https://i.imgur.com/PwX2twJ.jpeg','Etapa 5','Dinamica Monumento'),('https://i.imgur.com/q9o0eQe.jpeg','Etapa 2','Abstracta Perspectiva'),('https://i.imgur.com/qAtAlZx.jpeg','Etapa 3','Dinamica Esencia'),('https://i.imgur.com/qHthugN.jpeg','Etapa 4','Impactante Inspiracion'),('https://i.imgur.com/qMl9uFZ.jpeg','Etapa 2','Monumental Piedra'),('https://i.imgur.com/qyTprZy.jpeg','Etapa 2','Estilizada Silencio'),('https://i.imgur.com/rMTBoVp.jpeg','Etapa 3','Atemporal Sueno'),('https://i.imgur.com/RNgoBiv.jpeg','Etapa 2','Estilizada Esencia'),('https://i.imgur.com/rXs0YaK.jpeg','Etapa 5','Imponente Figura'),('https://i.imgur.com/s4by0ji.jpeg','Etapa 3','Espiritual Tradicion'),('https://i.imgur.com/SeBSAt1.jpeg','Etapa 4','Vanguardista Figura'),('https://i.imgur.com/SFPVTzH.jpeg','Etapa 4','Impactante Inspiracion'),('https://i.imgur.com/Sg1nl4X.jpeg','Etapa 2','Impactante Monumento'),('https://i.imgur.com/SWPHI8i.jpeg','Etapa 3','Sofisticada Sombra'),('https://i.imgur.com/TANIu54.jpeg','Etapa 2','Monumental Sueno'),('https://i.imgur.com/TuSLRo5.jpeg','Etapa 1','Abstracta Obra'),('https://i.imgur.com/UftaX19.jpeg','Etapa 2','Estilizada Concepto'),('https://i.imgur.com/UkvTPav.jpeg','Etapa 1','Eterna Infinito'),('https://i.imgur.com/un0RMx9.jpeg','Etapa 1','Eterna Horizonte'),('https://i.imgur.com/UrpEIiO.jpeg','Etapa 3','Resplandeciente Identidad'),('https://i.imgur.com/URpYIg0.jpeg','Etapa 3','Sofisticada Identidad'),('https://i.imgur.com/UTxRzKv.jpeg','Etapa 2','Serena Caracter'),('https://i.imgur.com/uuCUmcg.jpeg','Etapa 3','Delicada Caracter'),('https://i.imgur.com/UVGBV5h.jpeg','Etapa 4','Delicada Templo'),('https://i.imgur.com/v6ACieJ.jpeg','Etapa 4','Enigmatica Obra'),('https://i.imgur.com/veKKUPo.jpeg','Etapa 2','Monumental Esencia'),('https://i.imgur.com/vLVcxGF.jpeg','Etapa 1','Impactante Materia'),('https://i.imgur.com/W93QOx6.jpeg','Etapa 3','Sofisticada Identidad'),('https://i.imgur.com/Wc0V9Tm.jpeg','Etapa 2','Imponente Profundidad'),('https://i.imgur.com/wE57U9Z.jpeg','Etapa 2','Radiante Identidad'),('https://i.imgur.com/wfeOIZP.jpeg','Etapa 5','Imponente Concepto'),('https://i.imgur.com/wIT3GRz.jpeg','Etapa 4','Naturalista Luz'),('https://i.imgur.com/wtDQgNj.jpeg','Etapa 5','Dinamica Esencia'),('https://i.imgur.com/wTrIHBW.jpeg','Etapa 1','Abstraccion Forma'),('https://i.imgur.com/WxWhsX5.jpeg','Etapa 2','Sublime Movimiento'),('https://i.imgur.com/WyX8KkK.jpeg','Etapa 5','Sofisticada Concepto'),('https://i.imgur.com/x8glEmB.jpeg','Etapa 3','Sublime Caracter'),('https://i.imgur.com/x9xdmSP.jpeg','Etapa 3','Dinamica Destello'),('https://i.imgur.com/xg5pNBA.jpeg','Etapa 3','Brillante Templo'),('https://i.imgur.com/xjhRUvS.jpeg','Etapa 1','Imponente Destello'),('https://i.imgur.com/XmnOKRm.jpeg','Etapa 3','Estilizada Inspiracion'),('https://i.imgur.com/XsZTHRt.jpeg','Etapa 1','Estilizada Inspiracion'),('https://i.imgur.com/XWAsJt3.jpeg','Etapa 3','Contemplativa Identidad'),('https://i.imgur.com/y8Un6BA.jpeg','Etapa 3','Resplandeciente Inspiracion'),('https://i.imgur.com/ytY8WRy.jpeg','Etapa 5','Visionaria Forma'),('https://i.imgur.com/YxYQxfC.jpeg','Etapa 1','Enigmatica Tranquilidad'),('https://i.imgur.com/Z7mAKAT.jpeg','Etapa 5','Estilizada Concepto'),('https://i.imgur.com/ZcDPCy5.jpeg','Etapa 4','Estilizada Sombra'),('https://i.imgur.com/zDnoECO.jpeg','Etapa 1','Delicada Inspiracion'),('https://i.imgur.com/ZDTtNtH.jpeg','Etapa 4','Monumental Infinito'),('https://i.imgur.com/zEO03ZR.jpeg','Etapa 5','Dinamica Monumento'),('https://i.imgur.com/ZVoQAYp.jpeg','Etapa 4','Trascendental Luz');
/*!40000 ALTER TABLE `imagenes` ENABLE KEYS */;
UNLOCK TABLES;

--
-- Table structure for table `visitantes`
--

DROP TABLE IF EXISTS `visitantes`;
/*!40101 SET @saved_cs_client     = @@character_set_client */;
/*!50503 SET character_set_client = utf8mb4 */;
CREATE TABLE `visitantes` (
  `email` varchar(100) NOT NULL,
  `NyA` varchar(100) DEFAULT NULL,
  `contrasea` varchar(100) DEFAULT NULL,
  PRIMARY KEY (`email`)
) ENGINE=InnoDB DEFAULT CHARSET=utf8mb4 COLLATE=utf8mb4_0900_ai_ci;
/*!40101 SET character_set_client = @saved_cs_client */;

--
-- Dumping data for table `visitantes`
--

LOCK TABLES `visitantes` WRITE;
/*!40000 ALTER TABLE `visitantes` DISABLE KEYS */;
INSERT INTO `visitantes` VALUES ('acrawford@example.org','Michael Evans','}CH47H3R'),('ahansen@example.org','Stephanie Hardy','y!_z9w%l'),('alexis23@example.org','Alexa Smith','\"a[]fsA,'),('allenjohn@example.net','Jordan Harper','.^-?3-T7'),('ashleybrown@example.org','Jason Davis','%FDUs+f~'),('beverlyevans@example.com','Melissa Williams','0wr4@o9`'),('brandonhowe@example.net','Martin Underwood','wW<fY>II'),('bryan25@example.net','Kayla Ayers','UBhw1ne|'),('caitlynbarrera@example.org','Erika Ferguson','6LB@+hB>'),('cameron51@example.com','Sheila Wright','rE\\mk\":A'),('ccampbell@example.org','Michael Castro','Nz~?DU=)'),('chavezscott@example.net','Cassidy Gibson','ogY0$Cxx'),('christopherfranklin@example.net','Robert Miller','-O@a6lwO'),('christopherramirez@example.net','Michael Pollard','kC\"tZSy?'),('ckelley@example.org','Dale Carrillo','SYLv\\<m|'),('clynn@example.org','Tammy Rios','QL6TdtI.'),('crivera@example.org','Laura Rivers','t\'NVKRzT'),('danny88@example.org','Mary Bailey','fe_c:$~;'),('dhansen@example.org','Matthew Robertson','L8F~o2HI'),('dmcdowell@example.com','Zachary Le',')4GDb@=U'),('drobbins@example.org','Jason Estrada','|4t{T^|U'),('ebishop@example.net','Mark Bartlett','w!_~p5Yy'),('ejohns@example.net','Danielle Frank','zZe8*`L='),('fordariel@example.net','Charles Fisher','G:/[:Ck>'),('franklinstephen@example.com','Alejandro Moore','e^<1VS3j'),('greendavid@example.com','Timothy Martin','9;B:+GNW'),('gvasquez@example.org','Timothy Anderson','9Y.kx{^4'),('haileytorres@example.org','Megan Thomas','06+|dylX'),('hannahjohnson@example.com','Sarah Aguirre','+]#o75hR'),('hansonlaura@example.net','Steven Fleming','Ak\'N!;`j'),('heatherwright@example.com','Kiara Hayes','0aClA#EV'),('hfox@example.org','Paula Jacobs','$B$Ogl^]'),('hullchristopher@example.org','Melanie Powell','M\\%Si]0O'),('ilopez@example.com','Gregory Franco','O+r&1-])'),('imartin@example.org','Kathleen Bennett','a,z2\"hoR'),('irwinthomas@example.com','Lisa Sanders','a)AYW.>G'),('jacobperez@example.org','Robin Arnold','MSv;qJ}W'),('jamesross@example.org','Christopher Rose','8S@yIiVV'),('jeffrey96@example.net','Alexis Shaw','y/UfBFde'),('jesse47@example.com','Timothy Brown','E]NK}}>0'),('jessica04@example.net','Brittany Savage','%IykA?/M'),('joannepatterson@example.org','Richard Johnson','>/.9P@)T'),('jocelyn24@example.org','Eric Carlson','<@R;dK+v'),('joseph76@example.net','David Lucas','$.uG^0Yj'),('julieturner@example.com','Daniel Willis','?WLo65xr'),('kathrynphillips@example.net','Angela Jones','#?X&>KT>'),('kellyrangel@example.com','James Rhodes','/2Dz^m_J'),('kristen24@example.com','Sara Williams','JgG6(9\'1'),('lindsayscott@example.com','Andrea Gordon','m7.Sxpr@'),('lisa90@example.net','David Oliver','*92Hv8Ga'),('littlemichael@example.org','Luis Cook','9v6uR`h/'),('marcmiller@example.net','William Fritz','F|,L&_~h'),('margaretcampbell@example.com','Margaret Morse','I:Cjy\\++'),('markfisher@example.com','Jennifer Harris','}.v<ZDk%'),('martinezjames@example.com','Rodney Wilson','k*/;vumN'),('martinmathews@example.net','Miranda Henry','=.V_7|#K'),('michael10@example.net','Patricia Bridges','M\'E-K\\`D'),('michael58@example.net','Herbert Young','NCG~*I5R'),('michaellewis@example.com','Alexis Valdez','K=Rln`A\''),('micheletanner@example.org','John Powell','<d<iBJYD'),('morganaguilar@example.com','Stephen Walker',',!fE%E*}'),('morrisonvalerie@example.org','Jason Turner','C%F9y=[{'),('murphyjason@example.com','David Cardenas','S}*|m$J5'),('nguyensusan@example.net','Debra Lynch','3nd!k7As'),('noah23@example.net','Anna Caldwell','KdQa+gig'),('oscar57@example.net','Ernest Cruz','>UZ\\hazB'),('owilliams@example.com','Shirley Brown','J\"=yC[\"S'),('pamelathomas@example.com','Charles Oliver','(*v&z.jD'),('peckvickie@example.org','Michelle Kelly','ol6Z+Bo2'),('perkinsmaria@example.net','Laura Crane','Y6o/Zi-|'),('prattkristin@example.com','Taylor Hamilton','Y2o-RqiS'),('qgregory@example.com','Laura Sanchez','m\\k[61?q'),('rlawson@example.com','Andrea Watts','HNQ[2gfd'),('robert41@example.org','Jordan Silva','-b2Ruk*)'),('robert50@example.org','Jason Chan','J\"B>VyEh'),('russelllindsay@example.com','George Lawson','`\"4}]jcB'),('sanderskelly@example.org','James Patrick','Dw?yYc30'),('sandy34@example.net','Victoria Mann','Gdb8wUdA'),('sarahscott@example.net','Angelica Foley','swohL_Ei'),('sestrada@example.net','Willie Smith','aUYnTa2S'),('sloanjoseph@example.net','Stephanie Smith','*(4Yq`SN'),('snyderjacob@example.org','Paul Martin','j`N2lMhp'),('stephanieboyd@example.org','Teresa King','^6+IyFB:'),('stephen53@example.org','Dawn Donovan','8@.=]e]T'),('stephenslee@example.net','Terri Kim','eak?l1sV'),('steven36@example.com','Amy Phillips','#YBvS\'ez'),('stevenmcneil@example.org','Elizabeth Barton','7fxX5wJ}'),('stran@example.org','John Anderson','}6|Wm#M.'),('tannertammy@example.org','Henry Glenn','JF7KUC}y'),('tbarnes@example.com','Dustin Pennington','aVn%|TeZ'),('tmiller@example.org','Alexandria Wilson','E<c]-+&9'),('tvargas@example.org','John Snyder','XN\"={gX.'),('tyler43@example.org','Tamara Stark','i-FzT;y<'),('ubaker@example.net','Kimberly Benson','2H6!,wCs'),('wellsrobin@example.net','Donald Hernandez','h|Tde%dD'),('wendymorton@example.com','Ruben Hunt','YX`-clF.'),('williamsmary@example.net','Ruth Thompson','MZqM0Lw%'),('xcarter@example.net','Kendra Lewis','4vBw@q=2'),('xjohnson@example.org','Dennis Carpenter','Yy_^kj=/'),('ywood@example.com','Claire Kent','tCdQB$zC');
/*!40000 ALTER TABLE `visitantes` ENABLE KEYS */;
UNLOCK TABLES;

--
-- Table structure for table `votan`
--

DROP TABLE IF EXISTS `votan`;
/*!40101 SET @saved_cs_client     = @@character_set_client */;
/*!50503 SET character_set_client = utf8mb4 */;
CREATE TABLE `votan` (
  `email` varchar(100) NOT NULL,
  `nombre_escultura` varchar(100) NOT NULL,
  `cant_estrellas` int DEFAULT NULL,
  PRIMARY KEY (`email`,`nombre_escultura`),
  KEY `nombre_escultura` (`nombre_escultura`),
  CONSTRAINT `votan_ibfk_1` FOREIGN KEY (`email`) REFERENCES `visitantes` (`email`),
  CONSTRAINT `votan_ibfk_2` FOREIGN KEY (`nombre_escultura`) REFERENCES `esculturas` (`nombre`),
  CONSTRAINT `votan_chk_1` CHECK ((`cant_estrellas` between 1 and 5))
) ENGINE=InnoDB DEFAULT CHARSET=utf8mb4 COLLATE=utf8mb4_0900_ai_ci;
/*!40101 SET character_set_client = @saved_cs_client */;

--
-- Dumping data for table `votan`
--

LOCK TABLES `votan` WRITE;
/*!40000 ALTER TABLE `votan` DISABLE KEYS */;
INSERT INTO `votan` VALUES ('acrawford@example.org','Abstracta Obra',2),('acrawford@example.org','Abstracta Silencio',3),('acrawford@example.org','Armonica Templo',5),('acrawford@example.org','Contemplativa Profundidad',5),('acrawford@example.org','Espiritual Inspiracion',1),('acrawford@example.org','Impactante Monumento',3),('acrawford@example.org','Majestuosa Esencia',2),('acrawford@example.org','Monumental Silencio',1),('acrawford@example.org','Naturalista Luz',3),('acrawford@example.org','Resplandeciente Identidad',5),('acrawford@example.org','Serena Esencia',5),('acrawford@example.org','Sofisticada Infinito',1),('acrawford@example.org','Vanguardista Legado',2),('ahansen@example.org','Armonica Movimiento',5),('ahansen@example.org','Armonica Templo',2),('ahansen@example.org','Enigmatica Perspectiva',5),('ahansen@example.org','Enigmatica Templo',5),('ahansen@example.org','Estilizada Imaginacion',4),('ahansen@example.org','Estilizada Sombra',1),('ahansen@example.org','Eterna Horizonte',2),('ahansen@example.org','Expresiva Sueno',3),('ahansen@example.org','Imponente Concepto',3),('ahansen@example.org','Imponente Figura',3),('ahansen@example.org','Radiante Obra',2),('ahansen@example.org','Sublime Piedra',3),('alexis23@example.org','Armonica Templo',3),('alexis23@example.org','Enigmatica Obra',4),('alexis23@example.org','Espiritual Profundidad',1),('alexis23@example.org','Estilizada Sombra',4),('alexis23@example.org','Impactante Inspiracion',1),('alexis23@example.org','Radiante Identidad',5),('alexis23@example.org','Serena Caracter',2),('alexis23@example.org','Sofisticada Caracter',4),('alexis23@example.org','Visionaria Forma',4),('allenjohn@example.net','Armonica Movimiento',2),('allenjohn@example.net','Espiritual Profundidad',3),('allenjohn@example.net','Imponente Concepto',3),('allenjohn@example.net','Imponente Destello',3),('allenjohn@example.net','Naturalista Luz',1),('allenjohn@example.net','Sofisticada Concepto',4),('allenjohn@example.net','Sofisticada Identidad',4),('ashleybrown@example.org','Delicada Realidad',4),('ashleybrown@example.org','Enigmatica Obra',4),('ashleybrown@example.org','Enigmatica Silencio',2),('ashleybrown@example.org','Espiritual Trazos',2),('ashleybrown@example.org','Estilizada Concepto',5),('ashleybrown@example.org','Estilizada Esencia',4),('ashleybrown@example.org','Eterna Infinito',1),('ashleybrown@example.org','Naturalista Luz',2),('ashleybrown@example.org','Radiante Identidad',5),('ashleybrown@example.org','Resplandeciente Inspiracion',4),('ashleybrown@example.org','Sublime Movimiento',2),('ashleybrown@example.org','Visionaria Simetria',4),('beverlyevans@example.com','Armonica Movimiento',5),('beverlyevans@example.com','Brillante Materia',3),('beverlyevans@example.com','Contemplativa Sueno',2),('beverlyevans@example.com','Elegante Movimiento',2),('beverlyevans@example.com','Expresiva Realidad',3),('beverlyevans@example.com','Intrincada Esencia',3),('beverlyevans@example.com','Monumental Esencia',4),('beverlyevans@example.com','Resplandeciente Inspiracion',1),('beverlyevans@example.com','Sofisticada Concepto',2),('beverlyevans@example.com','Vanguardista Caracter',1),('beverlyevans@example.com','Visionaria Imaginacion',2),('brandonhowe@example.net','Contemplativa Identidad',2),('brandonhowe@example.net','Delicada Reflejo',3),('brandonhowe@example.net','Elegante Movimiento',4),('brandonhowe@example.net','Enigmatica Tranquilidad',3),('brandonhowe@example.net','Estilizada Esencia',2),('brandonhowe@example.net','Expresiva Sueno',2),('brandonhowe@example.net','Imponente Figura',3),('brandonhowe@example.net','Resplandeciente Identidad',3),('brandonhowe@example.net','Trascendental Luz',1),('bryan25@example.net','Abstraccion Sombra',3),('bryan25@example.net','Armonica Silencio',4),('bryan25@example.net','Atemporal Destello',1),('bryan25@example.net','Contemplativa Profundidad',2),('bryan25@example.net','Elegante Movimiento',4),('bryan25@example.net','Estilizada Silencio',2),('bryan25@example.net','Monumental Sueno',3),('bryan25@example.net','Serena Caracter',4),('bryan25@example.net','Sofisticada Infinito',2),('bryan25@example.net','Sublime Infinito',4),('bryan25@example.net','Sublime Movimiento',4),('bryan25@example.net','Visionaria Forma',1),('caitlynbarrera@example.org','Contemplativa Sueno',2),('caitlynbarrera@example.org','Expresiva Sueno',1),('caitlynbarrera@example.org','Imponente Destello',4),('caitlynbarrera@example.org','Mistica Trazos',5),('caitlynbarrera@example.org','Naturalista Luz',3),('caitlynbarrera@example.org','Sublime Caracter',5),('caitlynbarrera@example.org','Trascendental Sueno',5),('caitlynbarrera@example.org','Vanguardista Caracter',4),('caitlynbarrera@example.org','Vanguardista Figura',2),('cameron51@example.com','Abstracta Perspectiva',4),('cameron51@example.com','Estilizada Imaginacion',4),('cameron51@example.com','Sofisticada Concepto',5),('cameron51@example.com','Sublime Movimiento',3),('cameron51@example.com','Vanguardista Caracter',4),('ccampbell@example.org','Atemporal Sueno',1),('ccampbell@example.org','Delicada Realidad',4),('ccampbell@example.org','Dinamica Forma',1),('ccampbell@example.org','Impactante Monumento',3),('ccampbell@example.org','Imponente Destello',5),('ccampbell@example.org','Imponente Forma',4),('ccampbell@example.org','Sofisticada Infinito',2),('ccampbell@example.org','Sublime Caracter',4),('ccampbell@example.org','Vanguardista Figura',1),('chavezscott@example.net','Abstraccion Sombra',1),('chavezscott@example.net','Abstracta Perspectiva',4),('chavezscott@example.net','Contemplativa Identidad',5),('chavezscott@example.net','Delicada Caracter',4),('chavezscott@example.net','Delicada Templo',4),('chavezscott@example.net','Imponente Concepto',4),('chavezscott@example.net','Resplandeciente Identidad',1),('chavezscott@example.net','Sofisticada Caracter',4),('christopherfranklin@example.net','Brillante Materia',4),('christopherfranklin@example.net','Contemplativa Simetria',3),('christopherfranklin@example.net','Delicada Reflejo',1),('christopherfranklin@example.net','Estilizada Imaginacion',5),('christopherfranklin@example.net','Impactante Monumento',2),('christopherfranklin@example.net','Imponente Profundidad',1),('christopherfranklin@example.net','Intrincada Esencia',3),('christopherfranklin@example.net','Naturalista Luz',5),('christopherfranklin@example.net','Resplandeciente Inspiracion',3),('christopherfranklin@example.net','Sofisticada Infinito',1),('christopherfranklin@example.net','Sublime Piedra',5),('christopherfranklin@example.net','Vanguardista Caracter',5),('christopherramirez@example.net','Abstraccion Monumento',2),('christopherramirez@example.net','Armonica Movimiento',4),('christopherramirez@example.net','Atemporal Sueno',5),('christopherramirez@example.net','Brillante Materia',5),('christopherramirez@example.net','Clasica Monumento',5),('christopherramirez@example.net','Contemplativa Profundidad',2),('christopherramirez@example.net','Delicada Caracter',2),('christopherramirez@example.net','Dinamica Monumento',4),('christopherramirez@example.net','Enigmatica Perspectiva',5),('christopherramirez@example.net','Enigmatica Tranquilidad',5),('christopherramirez@example.net','Estilizada Esencia',3),('christopherramirez@example.net','Estilizada Imaginacion',2),('christopherramirez@example.net','Eterna Horizonte',3),('christopherramirez@example.net','Impactante Materia',1),('christopherramirez@example.net','Imponente Concepto',2),('christopherramirez@example.net','Serena Caracter',1),('christopherramirez@example.net','Sofisticada Concepto',2),('christopherramirez@example.net','Sublime Piedra',4),('christopherramirez@example.net','Trascendental Luz',3),('christopherramirez@example.net','Vanguardista Legado',1),('ckelley@example.org','Espiritual Tradicion',2),('ckelley@example.org','Estilizada Piedra',2),('ckelley@example.org','Eterna Infinito',3),('ckelley@example.org','Imponente Profundidad',3),('ckelley@example.org','Intrincada Tradicion',4),('ckelley@example.org','Sofisticada Identidad',4),('ckelley@example.org','Sofisticada Templo',1),('ckelley@example.org','Visionaria Simetria',4),('clynn@example.org','Abstraccion Monumento',1),('clynn@example.org','Delicada Caracter',1),('clynn@example.org','Delicada Reflejo',1),('clynn@example.org','Delicada Templo',1),('clynn@example.org','Enigmatica Obra',2),('clynn@example.org','Enigmatica Silencio',4),('clynn@example.org','Imponente Concepto',3),('clynn@example.org','Imponente Figura',4),('clynn@example.org','Radiante Obra',4),('clynn@example.org','Sofisticada Concepto',2),('clynn@example.org','Sofisticada Infinito',1),('clynn@example.org','Sublime Silencio',2),('crivera@example.org','Abstraccion Monumento',4),('crivera@example.org','Brillante Templo',1),('crivera@example.org','Delicada Caracter',2),('crivera@example.org','Delicada Reflejo',1),('crivera@example.org','Impactante Inspiracion',1),('crivera@example.org','Impactante Monumento',2),('crivera@example.org','Imponente Concepto',4),('crivera@example.org','Majestuosa Esencia',5),('crivera@example.org','Monumental Piedra',2),('crivera@example.org','Serena Forma',1),('crivera@example.org','Sofisticada Identidad',5),('danny88@example.org','Abstracta Silencio',2),('danny88@example.org','Contemplativa Simetria',4),('danny88@example.org','Delicada Inspiracion',3),('danny88@example.org','Impactante Monumento',3),('danny88@example.org','Sofisticada Caracter',1),('dhansen@example.org','Abstraccion Materia',3),('dhansen@example.org','Enigmatica Perspectiva',2),('dhansen@example.org','Estilizada Imaginacion',5),('dhansen@example.org','Expresiva Sueno',4),('dhansen@example.org','Intrincada Esencia',3),('dhansen@example.org','Sofisticada Identidad',5),('dhansen@example.org','Sublime Silencio',4),('dhansen@example.org','Visionaria Imaginacion',5),('dmcdowell@example.com','Abstraccion Forma',1),('dmcdowell@example.com','Abstracta Silencio',5),('dmcdowell@example.com','Armonica Templo',2),('dmcdowell@example.com','Atemporal Sueno',3),('dmcdowell@example.com','Contemplativa Identidad',4),('dmcdowell@example.com','Espiritual Trazos',4),('dmcdowell@example.com','Estilizada Concepto',3),('dmcdowell@example.com','Monumental Esencia',5),('dmcdowell@example.com','Vanguardista Caracter',3),('drobbins@example.org','Abstracta Silencio',5),('drobbins@example.org','Contemplativa Profundidad',4),('drobbins@example.org','Delicada Reflejo',1),('drobbins@example.org','Dinamica Esencia',5),('drobbins@example.org','Estilizada Concepto',1),('drobbins@example.org','Mistica Trazos',5),('drobbins@example.org','Sofisticada Sombra',2),('drobbins@example.org','Sublime Caracter',5),('drobbins@example.org','Sublime Silencio',5),('drobbins@example.org','Trascendental Luz',1),('drobbins@example.org','Visionaria Realidad',4),('ebishop@example.net','Abstraccion Materia',5),('ebishop@example.net','Abstraccion Monumento',5),('ebishop@example.net','Abstracta Silencio',2),('ebishop@example.net','Armonica Movimiento',4),('ebishop@example.net','Brillante Materia',1),('ebishop@example.net','Clasica Monumento',3),('ebishop@example.net','Delicada Caracter',5),('ebishop@example.net','Dinamica Monumento',1),('ebishop@example.net','Espiritual Tradicion',4),('ebishop@example.net','Eterna Infinito',4),('ebishop@example.net','Expresiva Realidad',5),('ebishop@example.net','Impactante Monumento',5),('ebishop@example.net','Majestuosa Esencia',5),('ebishop@example.net','Sofisticada Sombra',4),('ejohns@example.net','Abstraccion Forma',5),('ejohns@example.net','Abstraccion Materia',4),('ejohns@example.net','Contemplativa Profundidad',4),('ejohns@example.net','Delicada Inspiracion',4),('ejohns@example.net','Delicada Realidad',1),('ejohns@example.net','Dinamica Horizonte',2),('ejohns@example.net','Enigmatica Silencio',1),('ejohns@example.net','Estilizada Esencia',4),('ejohns@example.net','Impactante Inspiracion',4),('ejohns@example.net','Impactante Materia',3),('ejohns@example.net','Sofisticada Sombra',4),('fordariel@example.net','Abstraccion Materia',4),('fordariel@example.net','Abstracta Silencio',4),('fordariel@example.net','Armonica Silencio',5),('fordariel@example.net','Enigmatica Perspectiva',3),('fordariel@example.net','Enigmatica Tranquilidad',3),('fordariel@example.net','Estilizada Esencia',3),('fordariel@example.net','Estilizada Imaginacion',3),('fordariel@example.net','Estilizada Sombra',3),('fordariel@example.net','Mistica Trazos',5),('fordariel@example.net','Monumental Silencio',2),('fordariel@example.net','Monumental Sueno',4),('fordariel@example.net','Serena Forma',1),('fordariel@example.net','Sublime Silencio',2),('fordariel@example.net','Vanguardista Figura',4),('fordariel@example.net','Visionaria Imaginacion',5),('franklinstephen@example.com','Abstraccion Monumento',3),('franklinstephen@example.com','Clasica Monumento',4),('franklinstephen@example.com','Espiritual Profundidad',1),('franklinstephen@example.com','Espiritual Trazos',4),('franklinstephen@example.com','Expresiva Realidad',1),('franklinstephen@example.com','Expresiva Sueno',5),('franklinstephen@example.com','Imponente Destello',2),('franklinstephen@example.com','Intrincada Tradicion',1),('franklinstephen@example.com','Monumental Esencia',4),('franklinstephen@example.com','Monumental Piedra',3),('franklinstephen@example.com','Visionaria Realidad',2),('greendavid@example.com','Abstraccion Materia',1),('greendavid@example.com','Estilizada Concepto',1),('greendavid@example.com','Imponente Concepto',5),('greendavid@example.com','Sofisticada Concepto',3),('gvasquez@example.org','Abstracta Obra',3),('gvasquez@example.org','Delicada Inspiracion',4),('gvasquez@example.org','Dinamica Forma',3),('gvasquez@example.org','Estilizada Piedra',4),('gvasquez@example.org','Eterna Infinito',1),('gvasquez@example.org','Expresiva Sueno',4),('gvasquez@example.org','Imponente Concepto',3),('gvasquez@example.org','Monumental Sueno',5),('gvasquez@example.org','Resplandeciente Inspiracion',5),('gvasquez@example.org','Trascendental Luz',3),('gvasquez@example.org','Vanguardista Figura',2),('haileytorres@example.org','Abstraccion Forma',3),('haileytorres@example.org','Abstracta Perspectiva',4),('haileytorres@example.org','Armonica Movimiento',3),('haileytorres@example.org','Brillante Templo',2),('haileytorres@example.org','Contemplativa Profundidad',1),('haileytorres@example.org','Enigmatica Templo',5),('haileytorres@example.org','Eterna Infinito',1),('haileytorres@example.org','Imponente Forma',3),('haileytorres@example.org','Imponente Profundidad',4),('haileytorres@example.org','Sublime Trazos',3),('haileytorres@example.org','Visionaria Realidad',4),('hannahjohnson@example.com','Abstraccion Monumento',4),('hannahjohnson@example.com','Abstracta Perspectiva',2),('hannahjohnson@example.com','Atemporal Destello',3),('hannahjohnson@example.com','Atemporal Sueno',1),('hannahjohnson@example.com','Contemplativa Simetria',3),('hannahjohnson@example.com','Monumental Sueno',3),('hannahjohnson@example.com','Naturalista Luz',5),('hannahjohnson@example.com','Sofisticada Caracter',4),('hannahjohnson@example.com','Sublime Caracter',5),('hannahjohnson@example.com','Sublime Piedra',5),('hannahjohnson@example.com','Trascendental Materia',5),('hansonlaura@example.net','Abstracta Perspectiva',4),('hansonlaura@example.net','Delicada Caracter',2),('hansonlaura@example.net','Espiritual Inspiracion',2),('hansonlaura@example.net','Imponente Legado',2),('hansonlaura@example.net','Majestuosa Esencia',4),('hansonlaura@example.net','Sofisticada Concepto',2),('hansonlaura@example.net','Trascendental Materia',3),('heatherwright@example.com','Abstracta Obra',3),('heatherwright@example.com','Armonica Movimiento',4),('heatherwright@example.com','Contemplativa Profundidad',3),('heatherwright@example.com','Delicada Realidad',2),('heatherwright@example.com','Delicada Templo',2),('heatherwright@example.com','Dinamica Esencia',1),('heatherwright@example.com','Elegante Movimiento',3),('heatherwright@example.com','Enigmatica Silencio',1),('heatherwright@example.com','Estilizada Esencia',5),('heatherwright@example.com','Estilizada Silencio',2),('heatherwright@example.com','Eterna Infinito',5),('heatherwright@example.com','Expresiva Realidad',1),('heatherwright@example.com','Imponente Profundidad',2),('heatherwright@example.com','Monumental Infinito',4),('heatherwright@example.com','Radiante Identidad',1),('heatherwright@example.com','Sofisticada Templo',4),('heatherwright@example.com','Trascendental Materia',3),('hfox@example.org','Abstraccion Forma',5),('hfox@example.org','Delicada Caracter',3),('hfox@example.org','Delicada Templo',2),('hfox@example.org','Enigmatica Templo',2),('hfox@example.org','Imponente Concepto',3),('hfox@example.org','Monumental Piedra',1),('hfox@example.org','Radiante Identidad',5),('hfox@example.org','Resplandeciente Inspiracion',3),('hfox@example.org','Sofisticada Infinito',2),('hfox@example.org','Sublime Piedra',4),('hullchristopher@example.org','Atemporal Destello',3),('hullchristopher@example.org','Espiritual Profundidad',1),('hullchristopher@example.org','Estilizada Esencia',5),('hullchristopher@example.org','Eterna Horizonte',5),('hullchristopher@example.org','Impactante Inspiracion',4),('hullchristopher@example.org','Imponente Destello',1),('hullchristopher@example.org','Imponente Forma',3),('hullchristopher@example.org','Monumental Silencio',3),('hullchristopher@example.org','Radiante Obra',1),('hullchristopher@example.org','Resplandeciente Identidad',5),('hullchristopher@example.org','Sofisticada Caracter',3),('hullchristopher@example.org','Sofisticada Templo',5),('hullchristopher@example.org','Sublime Movimiento',5),('ilopez@example.com','Dinamica Horizonte',5),('ilopez@example.com','Enigmatica Perspectiva',1),('ilopez@example.com','Espiritual Tradicion',3),('ilopez@example.com','Impactante Monumento',4),('ilopez@example.com','Monumental Piedra',3),('ilopez@example.com','Sublime Piedra',5),('imartin@example.org','Abstracta Obra',4),('imartin@example.org','Contemplativa Identidad',4),('imartin@example.org','Delicada Inspiracion',4),('imartin@example.org','Dinamica Destello',1),('imartin@example.org','Elegante Movimiento',1),('imartin@example.org','Enigmatica Perspectiva',2),('imartin@example.org','Estilizada Imaginacion',3),('imartin@example.org','Monumental Piedra',2),('imartin@example.org','Sublime Infinito',4),('imartin@example.org','Sublime Trazos',1),('irwinthomas@example.com','Abstracta Perspectiva',5),('irwinthomas@example.com','Armonica Movimiento',2),('irwinthomas@example.com','Armonica Silencio',3),('irwinthomas@example.com','Brillante Materia',1),('irwinthomas@example.com','Clasica Monumento',2),('irwinthomas@example.com','Delicada Caracter',4),('irwinthomas@example.com','Espiritual Tradicion',1),('irwinthomas@example.com','Espiritual Trazos',1),('irwinthomas@example.com','Imponente Figura',5),('irwinthomas@example.com','Monumental Sueno',3),('irwinthomas@example.com','Serena Caracter',4),('irwinthomas@example.com','Serena Esencia',2),('irwinthomas@example.com','Sofisticada Templo',3),('irwinthomas@example.com','Sublime Movimiento',3),('irwinthomas@example.com','Vanguardista Legado',4),('jacobperez@example.org','Abstraccion Forma',2),('jacobperez@example.org','Abstracta Perspectiva',1),('jacobperez@example.org','Atemporal Destello',3),('jacobperez@example.org','Delicada Reflejo',3),('jacobperez@example.org','Espiritual Trazos',5),('jacobperez@example.org','Eterna Infinito',1),('jacobperez@example.org','Impactante Materia',1),('jacobperez@example.org','Imponente Reflejo',2),('jacobperez@example.org','Resplandeciente Inspiracion',1),('jacobperez@example.org','Vanguardista Caracter',1),('jamesross@example.org','Abstraccion Materia',4),('jamesross@example.org','Abstracta Obra',5),('jamesross@example.org','Atemporal Destello',1),('jamesross@example.org','Elegante Movimiento',3),('jamesross@example.org','Espiritual Trazos',2),('jamesross@example.org','Intrincada Tradicion',2),('jamesross@example.org','Resplandeciente Identidad',5),('jamesross@example.org','Sofisticada Infinito',4),('jamesross@example.org','Sublime Caracter',5),('jamesross@example.org','Visionaria Simetria',2),('jeffrey96@example.net','Armonica Templo',5),('jeffrey96@example.net','Contemplativa Profundidad',1),('jeffrey96@example.net','Dinamica Horizonte',2),('jeffrey96@example.net','Estilizada Esencia',1),('jeffrey96@example.net','Impactante Inspiracion',2),('jeffrey96@example.net','Monumental Silencio',4),('jeffrey96@example.net','Serena Caracter',2),('jeffrey96@example.net','Sofisticada Identidad',2),('jeffrey96@example.net','Sofisticada Templo',5),('jesse47@example.com','Enigmatica Obra',5),('jesse47@example.com','Enigmatica Silencio',3),('jesse47@example.com','Estilizada Esencia',5),('jesse47@example.com','Sofisticada Infinito',5),('jesse47@example.com','Sofisticada Sombra',5),('jesse47@example.com','Sublime Caracter',4),('jesse47@example.com','Sublime Silencio',4),('jesse47@example.com','Visionaria Imaginacion',2),('jessica04@example.net','Delicada Realidad',4),('jessica04@example.net','Estilizada Imaginacion',5),('jessica04@example.net','Eterna Horizonte',1),('jessica04@example.net','Imponente Legado',2),('jessica04@example.net','Intrincada Tradicion',4),('jessica04@example.net','Radiante Identidad',2),('jessica04@example.net','Serena Esencia',5),('jessica04@example.net','Trascendental Sueno',4),('jessica04@example.net','Vanguardista Caracter',2),('joannepatterson@example.org','Armonica Silencio',5),('joannepatterson@example.org','Atemporal Sueno',4),('joannepatterson@example.org','Brillante Templo',5),('joannepatterson@example.org','Elegante Movimiento',4),('joannepatterson@example.org','Estilizada Sombra',3),('joannepatterson@example.org','Imponente Concepto',4),('joannepatterson@example.org','Naturalista Luz',5),('joannepatterson@example.org','Resplandeciente Inspiracion',2),('joannepatterson@example.org','Sofisticada Concepto',4),('joannepatterson@example.org','Trascendental Sueno',4),('joannepatterson@example.org','Visionaria Simetria',2),('jocelyn24@example.org','Enigmatica Tranquilidad',1),('jocelyn24@example.org','Estilizada Silencio',3),('jocelyn24@example.org','Imponente Concepto',2),('jocelyn24@example.org','Intrincada Tradicion',1),('jocelyn24@example.org','Monumental Silencio',5),('jocelyn24@example.org','Naturalista Luz',2),('jocelyn24@example.org','Serena Caracter',5),('jocelyn24@example.org','Serena Forma',2),('jocelyn24@example.org','Sofisticada Caracter',1),('joseph76@example.net','Contemplativa Sueno',5),('joseph76@example.net','Elegante Movimiento',5),('joseph76@example.net','Enigmatica Obra',5),('joseph76@example.net','Estilizada Concepto',2),('joseph76@example.net','Estilizada Silencio',1),('joseph76@example.net','Expresiva Realidad',1),('joseph76@example.net','Imponente Figura',5),('joseph76@example.net','Imponente Profundidad',5),('joseph76@example.net','Monumental Silencio',4),('joseph76@example.net','Vanguardista Figura',2),('joseph76@example.net','Visionaria Realidad',5),('julieturner@example.com','Dinamica Forma',3),('julieturner@example.com','Dinamica Horizonte',1),('julieturner@example.com','Enigmatica Tranquilidad',4),('julieturner@example.com','Espiritual Trazos',1),('julieturner@example.com','Estilizada Concepto',2),('julieturner@example.com','Estilizada Piedra',3),('julieturner@example.com','Impactante Materia',5),('julieturner@example.com','Imponente Figura',1),('julieturner@example.com','Monumental Sueno',1),('julieturner@example.com','Sublime Caracter',3),('julieturner@example.com','Visionaria Imaginacion',1),('julieturner@example.com','Visionaria Realidad',5),('kathrynphillips@example.net','Abstracta Obra',5),('kathrynphillips@example.net','Clasica Monumento',1),('kathrynphillips@example.net','Enigmatica Perspectiva',5),('kathrynphillips@example.net','Eterna Horizonte',2),('kathrynphillips@example.net','Impactante Materia',1),('kathrynphillips@example.net','Imponente Destello',1),('kathrynphillips@example.net','Sublime Silencio',4),('kathrynphillips@example.net','Trascendental Materia',2),('kathrynphillips@example.net','Vanguardista Legado',2),('kellyrangel@example.com','Dinamica Forma',5),('kellyrangel@example.com','Enigmatica Templo',1),('kellyrangel@example.com','Imponente Destello',4),('kellyrangel@example.com','Radiante Obra',5),('kellyrangel@example.com','Sublime Silencio',1),('kellyrangel@example.com','Visionaria Realidad',1),('kristen24@example.com','Abstraccion Forma',2),('kristen24@example.com','Brillante Templo',3),('kristen24@example.com','Contemplativa Identidad',1),('kristen24@example.com','Contemplativa Profundidad',5),('kristen24@example.com','Contemplativa Sueno',2),('kristen24@example.com','Imponente Figura',2),('kristen24@example.com','Radiante Identidad',2),('kristen24@example.com','Sofisticada Obra',4),('kristen24@example.com','Vanguardista Figura',5),('kristen24@example.com','Visionaria Forma',4),('lindsayscott@example.com','Delicada Realidad',5),('lindsayscott@example.com','Dinamica Destello',3),('lindsayscott@example.com','Enigmatica Silencio',2),('lindsayscott@example.com','Intrincada Esencia',2),('lindsayscott@example.com','Monumental Infinito',3),('lindsayscott@example.com','Monumental Sueno',5),('lindsayscott@example.com','Sofisticada Concepto',4),('lindsayscott@example.com','Sublime Caracter',5),('lisa90@example.net','Delicada Inspiracion',3),('lisa90@example.net','Delicada Templo',1),('lisa90@example.net','Dinamica Esencia',5),('lisa90@example.net','Espiritual Inspiracion',5),('lisa90@example.net','Impactante Materia',4),('lisa90@example.net','Serena Esencia',1),('littlemichael@example.org','Contemplativa Sueno',4),('littlemichael@example.org','Intrincada Tradicion',4),('littlemichael@example.org','Vanguardista Figura',3),('littlemichael@example.org','Visionaria Imaginacion',2),('littlemichael@example.org','Visionaria Simetria',1),('marcmiller@example.net','Abstraccion Forma',2),('marcmiller@example.net','Delicada Reflejo',2),('marcmiller@example.net','Enigmatica Silencio',4),('marcmiller@example.net','Espiritual Profundidad',3),('marcmiller@example.net','Expresiva Sueno',2),('marcmiller@example.net','Imponente Destello',5),('marcmiller@example.net','Imponente Profundidad',5),('marcmiller@example.net','Monumental Sueno',3),('marcmiller@example.net','Sublime Silencio',3),('margaretcampbell@example.com','Abstraccion Monumento',5),('margaretcampbell@example.com','Abstracta Obra',1),('margaretcampbell@example.com','Brillante Materia',5),('margaretcampbell@example.com','Contemplativa Profundidad',5),('margaretcampbell@example.com','Delicada Inspiracion',4),('margaretcampbell@example.com','Delicada Reflejo',2),('margaretcampbell@example.com','Delicada Templo',3),('margaretcampbell@example.com','Dinamica Monumento',1),('margaretcampbell@example.com','Estilizada Inspiracion',5),('margaretcampbell@example.com','Impactante Inspiracion',2),('margaretcampbell@example.com','Radiante Identidad',2),('margaretcampbell@example.com','Radiante Obra',3),('margaretcampbell@example.com','Serena Esencia',2),('margaretcampbell@example.com','Sofisticada Obra',2),('margaretcampbell@example.com','Vanguardista Caracter',4),('margaretcampbell@example.com','Vanguardista Figura',3),('margaretcampbell@example.com','Visionaria Imaginacion',4),('markfisher@example.com','Abstracta Perspectiva',1),('markfisher@example.com','Clasica Monumento',3),('markfisher@example.com','Contemplativa Sueno',4),('markfisher@example.com','Enigmatica Templo',3),('markfisher@example.com','Imponente Forma',4),('markfisher@example.com','Monumental Infinito',3),('markfisher@example.com','Resplandeciente Identidad',3),('markfisher@example.com','Sofisticada Sombra',3),('markfisher@example.com','Vanguardista Caracter',3),('markfisher@example.com','Vanguardista Legado',2),('martinezjames@example.com','Armonica Templo',1),('martinezjames@example.com','Brillante Templo',2),('martinezjames@example.com','Contemplativa Simetria',5),('martinezjames@example.com','Delicada Inspiracion',2),('martinezjames@example.com','Enigmatica Obra',2),('martinezjames@example.com','Imponente Destello',1),('martinezjames@example.com','Monumental Silencio',4),('martinezjames@example.com','Sublime Caracter',3),('martinmathews@example.net','Abstraccion Sombra',5),('martinmathews@example.net','Armonica Movimiento',5),('martinmathews@example.net','Armonica Silencio',5),('martinmathews@example.net','Contemplativa Simetria',4),('martinmathews@example.net','Espiritual Inspiracion',5),('martinmathews@example.net','Estilizada Sombra',1),('martinmathews@example.net','Impactante Materia',2),('martinmathews@example.net','Radiante Obra',1),('martinmathews@example.net','Sublime Caracter',2),('martinmathews@example.net','Trascendental Luz',3),('michael10@example.net','Atemporal Sueno',5),('michael10@example.net','Contemplativa Profundidad',4),('michael10@example.net','Dinamica Esencia',1),('michael10@example.net','Enigmatica Tranquilidad',1),('michael10@example.net','Expresiva Realidad',3),('michael10@example.net','Impactante Materia',1),('michael10@example.net','Impactante Monumento',4),('michael10@example.net','Imponente Figura',5),('michael10@example.net','Intrincada Esencia',3),('michael10@example.net','Radiante Identidad',5),('michael10@example.net','Sublime Caracter',2),('michael10@example.net','Sublime Silencio',2),('michael10@example.net','Trascendental Luz',4),('michael10@example.net','Trascendental Sueno',5),('michael58@example.net','Dinamica Horizonte',2),('michael58@example.net','Estilizada Imaginacion',2),('michael58@example.net','Estilizada Silencio',4),('michael58@example.net','Expresiva Sueno',5),('michael58@example.net','Imponente Destello',3),('michael58@example.net','Imponente Profundidad',1),('michael58@example.net','Monumental Esencia',2),('michael58@example.net','Trascendental Luz',3),('michael58@example.net','Vanguardista Legado',1),('michaellewis@example.com','Delicada Caracter',3),('michaellewis@example.com','Dinamica Monumento',4),('michaellewis@example.com','Estilizada Inspiracion',3),('michaellewis@example.com','Estilizada Piedra',5),('michaellewis@example.com','Sublime Caracter',4),('michaellewis@example.com','Sublime Movimiento',5),('michaellewis@example.com','Vanguardista Legado',4),('micheletanner@example.org','Contemplativa Identidad',4),('micheletanner@example.org','Delicada Reflejo',4),('micheletanner@example.org','Dinamica Horizonte',5),('micheletanner@example.org','Estilizada Esencia',4),('micheletanner@example.org','Imponente Legado',2),('micheletanner@example.org','Mistica Trazos',4),('micheletanner@example.org','Resplandeciente Identidad',1),('micheletanner@example.org','Trascendental Materia',2),('micheletanner@example.org','Trascendental Sueno',3),('micheletanner@example.org','Vanguardista Legado',2),('morganaguilar@example.com','Impactante Monumento',4),('morganaguilar@example.com','Monumental Silencio',1),('morganaguilar@example.com','Resplandeciente Identidad',3),('morganaguilar@example.com','Sublime Movimiento',3),('morrisonvalerie@example.org','Abstracta Obra',3),('morrisonvalerie@example.org','Abstracta Perspectiva',1),('morrisonvalerie@example.org','Brillante Templo',3),('morrisonvalerie@example.org','Contemplativa Profundidad',4),('morrisonvalerie@example.org','Delicada Realidad',2),('morrisonvalerie@example.org','Dinamica Destello',2),('morrisonvalerie@example.org','Enigmatica Silencio',5),('morrisonvalerie@example.org','Espiritual Inspiracion',2),('morrisonvalerie@example.org','Estilizada Piedra',2),('morrisonvalerie@example.org','Imponente Legado',3),('morrisonvalerie@example.org','Radiante Identidad',4),('morrisonvalerie@example.org','Sofisticada Identidad',1),('morrisonvalerie@example.org','Sublime Caracter',3),('morrisonvalerie@example.org','Visionaria Realidad',2),('murphyjason@example.com','Armonica Silencio',3),('murphyjason@example.com','Contemplativa Identidad',2),('murphyjason@example.com','Contemplativa Sueno',1),('murphyjason@example.com','Delicada Realidad',5),('murphyjason@example.com','Expresiva Sueno',5),('murphyjason@example.com','Impactante Materia',5),('murphyjason@example.com','Monumental Esencia',2),('murphyjason@example.com','Resplandeciente Identidad',4),('murphyjason@example.com','Serena Caracter',1),('murphyjason@example.com','Visionaria Realidad',5),('nguyensusan@example.net','Abstraccion Forma',2),('nguyensusan@example.net','Contemplativa Profundidad',4),('nguyensusan@example.net','Enigmatica Silencio',3),('nguyensusan@example.net','Estilizada Imaginacion',4),('nguyensusan@example.net','Estilizada Inspiracion',5),('nguyensusan@example.net','Expresiva Realidad',3),('nguyensusan@example.net','Intrincada Esencia',2),('nguyensusan@example.net','Majestuosa Esencia',5),('nguyensusan@example.net','Monumental Esencia',1),('nguyensusan@example.net','Trascendental Luz',4),('nguyensusan@example.net','Trascendental Sueno',1),('noah23@example.net','Clasica Monumento',2),('noah23@example.net','Contemplativa Profundidad',2),('noah23@example.net','Delicada Inspiracion',2),('noah23@example.net','Delicada Reflejo',2),('noah23@example.net','Estilizada Inspiracion',4),('noah23@example.net','Eterna Infinito',2),('noah23@example.net','Trascendental Materia',5),('noah23@example.net','Vanguardista Legado',1),('oscar57@example.net','Abstraccion Forma',5),('oscar57@example.net','Atemporal Destello',5),('oscar57@example.net','Enigmatica Perspectiva',1),('oscar57@example.net','Espiritual Tradicion',1),('oscar57@example.net','Sublime Caracter',1),('oscar57@example.net','Sublime Trazos',2),('oscar57@example.net','Trascendental Sueno',1),('oscar57@example.net','Visionaria Realidad',2),('owilliams@example.com','Abstraccion Monumento',1),('owilliams@example.com','Abstracta Perspectiva',4),('owilliams@example.com','Dinamica Horizonte',5),('owilliams@example.com','Dinamica Monumento',1),('owilliams@example.com','Enigmatica Obra',4),('owilliams@example.com','Espiritual Trazos',2),('owilliams@example.com','Estilizada Concepto',1),('owilliams@example.com','Estilizada Inspiracion',1),('owilliams@example.com','Sublime Piedra',4),('owilliams@example.com','Trascendental Sueno',4),('pamelathomas@example.com','Abstraccion Forma',5),('pamelathomas@example.com','Armonica Movimiento',4),('pamelathomas@example.com','Dinamica Forma',5),('pamelathomas@example.com','Enigmatica Obra',1),('pamelathomas@example.com','Eterna Infinito',5),('pamelathomas@example.com','Imponente Legado',4),('pamelathomas@example.com','Imponente Profundidad',5),('pamelathomas@example.com','Imponente Reflejo',1),('pamelathomas@example.com','Resplandeciente Inspiracion',3),('peckvickie@example.org','Elegante Movimiento',3),('peckvickie@example.org','Enigmatica Tranquilidad',5),('peckvickie@example.org','Impactante Monumento',1),('peckvickie@example.org','Imponente Forma',3),('peckvickie@example.org','Majestuosa Esencia',2),('peckvickie@example.org','Monumental Silencio',3),('peckvickie@example.org','Sofisticada Templo',4),('peckvickie@example.org','Sublime Infinito',1),('peckvickie@example.org','Sublime Movimiento',4),('perkinsmaria@example.net','Abstraccion Materia',1),('perkinsmaria@example.net','Brillante Templo',4),('perkinsmaria@example.net','Clasica Monumento',2),('perkinsmaria@example.net','Delicada Caracter',2),('perkinsmaria@example.net','Delicada Templo',3),('perkinsmaria@example.net','Espiritual Inspiracion',3),('perkinsmaria@example.net','Espiritual Trazos',3),('perkinsmaria@example.net','Estilizada Sombra',3),('perkinsmaria@example.net','Monumental Infinito',5),('perkinsmaria@example.net','Radiante Obra',4),('perkinsmaria@example.net','Sofisticada Concepto',3),('perkinsmaria@example.net','Sublime Piedra',5),('prattkristin@example.com','Delicada Caracter',1),('prattkristin@example.com','Elegante Movimiento',2),('prattkristin@example.com','Enigmatica Perspectiva',1),('prattkristin@example.com','Espiritual Tradicion',1),('prattkristin@example.com','Sofisticada Templo',2),('prattkristin@example.com','Trascendental Materia',1),('qgregory@example.com','Brillante Materia',2),('qgregory@example.com','Dinamica Esencia',5),('qgregory@example.com','Expresiva Sueno',4),('qgregory@example.com','Imponente Figura',2),('qgregory@example.com','Imponente Legado',1),('qgregory@example.com','Radiante Obra',1),('qgregory@example.com','Sublime Piedra',1),('qgregory@example.com','Sublime Trazos',1),('qgregory@example.com','Vanguardista Figura',4),('qgregory@example.com','Visionaria Forma',2),('rlawson@example.com','Dinamica Esencia',5),('rlawson@example.com','Enigmatica Silencio',1),('rlawson@example.com','Espiritual Tradicion',4),('rlawson@example.com','Eterna Horizonte',5),('rlawson@example.com','Impactante Monumento',1),('rlawson@example.com','Majestuosa Esencia',3),('rlawson@example.com','Monumental Esencia',2),('rlawson@example.com','Resplandeciente Inspiracion',1),('rlawson@example.com','Serena Caracter',1),('robert41@example.org','Armonica Templo',3),('robert41@example.org','Dinamica Horizonte',3),('robert41@example.org','Estilizada Esencia',2),('robert41@example.org','Estilizada Piedra',1),('robert41@example.org','Eterna Horizonte',5),('robert41@example.org','Expresiva Realidad',5),('robert41@example.org','Imponente Forma',5),('robert41@example.org','Imponente Legado',3),('robert41@example.org','Sofisticada Caracter',3),('robert50@example.org','Atemporal Destello',1),('robert50@example.org','Contemplativa Simetria',1),('robert50@example.org','Contemplativa Sueno',1),('robert50@example.org','Dinamica Monumento',1),('robert50@example.org','Espiritual Inspiracion',5),('robert50@example.org','Mistica Trazos',2),('robert50@example.org','Monumental Silencio',4),('robert50@example.org','Radiante Obra',3),('robert50@example.org','Serena Forma',4),('robert50@example.org','Trascendental Luz',4),('robert50@example.org','Vanguardista Figura',5),('russelllindsay@example.com','Abstraccion Monumento',1),('russelllindsay@example.com','Abstracta Perspectiva',2),('russelllindsay@example.com','Armonica Movimiento',1),('russelllindsay@example.com','Armonica Silencio',1),('russelllindsay@example.com','Delicada Templo',1),('russelllindsay@example.com','Elegante Movimiento',4),('russelllindsay@example.com','Enigmatica Perspectiva',2),('russelllindsay@example.com','Enigmatica Templo',4),('russelllindsay@example.com','Intrincada Tradicion',4),('russelllindsay@example.com','Vanguardista Legado',3),('sanderskelly@example.org','Elegante Movimiento',4),('sanderskelly@example.org','Enigmatica Silencio',3),('sanderskelly@example.org','Enigmatica Templo',2),('sanderskelly@example.org','Espiritual Inspiracion',4),('sanderskelly@example.org','Espiritual Profundidad',3),('sanderskelly@example.org','Estilizada Imaginacion',2),('sanderskelly@example.org','Eterna Horizonte',1),('sanderskelly@example.org','Impactante Inspiracion',5),('sanderskelly@example.org','Imponente Reflejo',3),('sanderskelly@example.org','Serena Esencia',2),('sanderskelly@example.org','Sofisticada Obra',1),('sanderskelly@example.org','Sublime Trazos',1),('sandy34@example.net','Armonica Movimiento',3),('sandy34@example.net','Contemplativa Profundidad',4),('sandy34@example.net','Contemplativa Sueno',1),('sandy34@example.net','Imponente Forma',4),('sandy34@example.net','Imponente Profundidad',3),('sandy34@example.net','Monumental Piedra',5),('sandy34@example.net','Sofisticada Caracter',1),('sandy34@example.net','Sofisticada Obra',1),('sandy34@example.net','Sublime Caracter',5),('sandy34@example.net','Trascendental Luz',2),('sarahscott@example.net','Dinamica Esencia',5),('sarahscott@example.net','Espiritual Trazos',4),('sarahscott@example.net','Impactante Monumento',2),('sarahscott@example.net','Imponente Concepto',3),('sarahscott@example.net','Imponente Figura',5),('sarahscott@example.net','Mistica Trazos',2),('sarahscott@example.net','Sofisticada Identidad',1),('sarahscott@example.net','Sublime Infinito',1),('sestrada@example.net','Atemporal Sueno',5),('sestrada@example.net','Brillante Templo',5),('sestrada@example.net','Delicada Caracter',3),('sestrada@example.net','Delicada Inspiracion',5),('sestrada@example.net','Delicada Reflejo',3),('sestrada@example.net','Enigmatica Obra',4),('sestrada@example.net','Espiritual Trazos',5),('sestrada@example.net','Estilizada Inspiracion',1),('sestrada@example.net','Imponente Legado',3),('sestrada@example.net','Imponente Profundidad',1),('sestrada@example.net','Imponente Reflejo',2),('sestrada@example.net','Monumental Esencia',5),('sestrada@example.net','Serena Esencia',4),('sestrada@example.net','Visionaria Forma',5),('sestrada@example.net','Visionaria Imaginacion',2),('sestrada@example.net','Visionaria Realidad',2),('sloanjoseph@example.net','Armonica Movimiento',1),('sloanjoseph@example.net','Atemporal Destello',1),('sloanjoseph@example.net','Contemplativa Identidad',2),('sloanjoseph@example.net','Delicada Inspiracion',2),('sloanjoseph@example.net','Espiritual Inspiracion',5),('sloanjoseph@example.net','Estilizada Imaginacion',5),('sloanjoseph@example.net','Eterna Infinito',5),('sloanjoseph@example.net','Sublime Caracter',1),('sloanjoseph@example.net','Visionaria Forma',1),('sloanjoseph@example.net','Visionaria Imaginacion',3),('snyderjacob@example.org','Dinamica Esencia',1),('snyderjacob@example.org','Enigmatica Obra',1),('snyderjacob@example.org','Enigmatica Silencio',2),('snyderjacob@example.org','Espiritual Trazos',2),('snyderjacob@example.org','Eterna Horizonte',4),('snyderjacob@example.org','Expresiva Sueno',1),('snyderjacob@example.org','Monumental Esencia',3),('snyderjacob@example.org','Sublime Caracter',2),('snyderjacob@example.org','Sublime Infinito',3),('stephanieboyd@example.org','Abstracta Obra',5),('stephanieboyd@example.org','Clasica Monumento',2),('stephanieboyd@example.org','Delicada Inspiracion',4),('stephanieboyd@example.org','Delicada Templo',2),('stephanieboyd@example.org','Dinamica Esencia',4),('stephanieboyd@example.org','Imponente Legado',5),('stephanieboyd@example.org','Monumental Infinito',3),('stephanieboyd@example.org','Radiante Identidad',5),('stephanieboyd@example.org','Trascendental Luz',5),('stephanieboyd@example.org','Visionaria Forma',2),('stephen53@example.org','Abstraccion Materia',1),('stephen53@example.org','Delicada Realidad',1),('stephen53@example.org','Delicada Reflejo',5),('stephen53@example.org','Espiritual Trazos',2),('stephen53@example.org','Impactante Monumento',5),('stephen53@example.org','Monumental Silencio',2),('stephen53@example.org','Serena Caracter',4),('stephen53@example.org','Sofisticada Identidad',1),('stephen53@example.org','Sofisticada Sombra',4),('stephen53@example.org','Sublime Infinito',2),('stephenslee@example.net','Abstracta Obra',3),('stephenslee@example.net','Contemplativa Profundidad',4),('stephenslee@example.net','Dinamica Forma',5),('stephenslee@example.net','Enigmatica Templo',2),('stephenslee@example.net','Espiritual Inspiracion',2),('stephenslee@example.net','Espiritual Tradicion',2),('stephenslee@example.net','Impactante Inspiracion',3),('stephenslee@example.net','Impactante Monumento',5),('stephenslee@example.net','Imponente Destello',2),('stephenslee@example.net','Imponente Reflejo',5),('stephenslee@example.net','Intrincada Esencia',4),('stephenslee@example.net','Sofisticada Identidad',2),('stephenslee@example.net','Sofisticada Sombra',1),('stephenslee@example.net','Sublime Movimiento',3),('stephenslee@example.net','Visionaria Imaginacion',5),('steven36@example.com','Abstraccion Sombra',4),('steven36@example.com','Abstracta Obra',4),('steven36@example.com','Imponente Forma',1),('steven36@example.com','Visionaria Imaginacion',1),('stevenmcneil@example.org','Brillante Materia',1),('stevenmcneil@example.org','Espiritual Tradicion',3),('stevenmcneil@example.org','Impactante Materia',2),('stevenmcneil@example.org','Imponente Figura',2),('stevenmcneil@example.org','Monumental Sueno',1),('stevenmcneil@example.org','Radiante Obra',4),('stevenmcneil@example.org','Sofisticada Identidad',2),('stran@example.org','Abstraccion Monumento',1),('stran@example.org','Abstraccion Sombra',2),('stran@example.org','Abstracta Silencio',5),('stran@example.org','Armonica Movimiento',4),('stran@example.org','Contemplativa Sueno',4),('stran@example.org','Dinamica Forma',5),('stran@example.org','Estilizada Imaginacion',4),('stran@example.org','Eterna Horizonte',5),('stran@example.org','Monumental Infinito',1),('stran@example.org','Serena Esencia',3),('stran@example.org','Serena Forma',3),('stran@example.org','Sublime Infinito',3),('stran@example.org','Sublime Trazos',2),('stran@example.org','Vanguardista Legado',3),('tannertammy@example.org','Armonica Movimiento',4),('tannertammy@example.org','Delicada Realidad',3),('tannertammy@example.org','Delicada Templo',1),('tannertammy@example.org','Dinamica Esencia',5),('tannertammy@example.org','Espiritual Inspiracion',2),('tannertammy@example.org','Espiritual Tradicion',5),('tannertammy@example.org','Estilizada Piedra',5),('tannertammy@example.org','Imponente Profundidad',1),('tannertammy@example.org','Majestuosa Esencia',3),('tbarnes@example.com','Dinamica Monumento',2),('tbarnes@example.com','Enigmatica Obra',1),('tbarnes@example.com','Estilizada Concepto',2),('tbarnes@example.com','Imponente Destello',4),('tbarnes@example.com','Monumental Esencia',1),('tbarnes@example.com','Monumental Infinito',4),('tbarnes@example.com','Resplandeciente Identidad',4),('tbarnes@example.com','Serena Caracter',5),('tbarnes@example.com','Sofisticada Identidad',3),('tbarnes@example.com','Sofisticada Sombra',1),('tbarnes@example.com','Sublime Caracter',3),('tbarnes@example.com','Sublime Trazos',4),('tmiller@example.org','Abstracta Obra',1),('tmiller@example.org','Atemporal Sueno',1),('tmiller@example.org','Contemplativa Sueno',2),('tmiller@example.org','Enigmatica Tranquilidad',5),('tmiller@example.org','Estilizada Esencia',5),('tmiller@example.org','Impactante Inspiracion',1),('tmiller@example.org','Sofisticada Templo',4),('tvargas@example.org','Abstraccion Forma',2),('tvargas@example.org','Armonica Silencio',2),('tvargas@example.org','Brillante Materia',1),('tvargas@example.org','Dinamica Esencia',3),('tvargas@example.org','Enigmatica Perspectiva',5),('tvargas@example.org','Espiritual Profundidad',5),('tvargas@example.org','Espiritual Tradicion',1),('tvargas@example.org','Impactante Materia',3),('tvargas@example.org','Imponente Forma',4),('tvargas@example.org','Sofisticada Infinito',1),('tvargas@example.org','Sofisticada Templo',3),('tvargas@example.org','Sublime Piedra',1),('tyler43@example.org','Contemplativa Profundidad',2),('tyler43@example.org','Dinamica Forma',2),('tyler43@example.org','Enigmatica Silencio',5),('tyler43@example.org','Estilizada Inspiracion',3),('tyler43@example.org','Imponente Forma',4),('tyler43@example.org','Imponente Legado',4),('tyler43@example.org','Imponente Reflejo',3),('tyler43@example.org','Monumental Piedra',2),('tyler43@example.org','Sofisticada Caracter',2),('tyler43@example.org','Sublime Caracter',1),('tyler43@example.org','Vanguardista Caracter',3),('ubaker@example.net','Armonica Silencio',1),('ubaker@example.net','Brillante Materia',5),('ubaker@example.net','Clasica Monumento',5),('ubaker@example.net','Contemplativa Sueno',3),('ubaker@example.net','Delicada Caracter',4),('ubaker@example.net','Delicada Templo',3),('ubaker@example.net','Enigmatica Perspectiva',5),('ubaker@example.net','Impactante Inspiracion',1),('ubaker@example.net','Imponente Concepto',2),('ubaker@example.net','Imponente Destello',4),('ubaker@example.net','Imponente Legado',2),('ubaker@example.net','Sofisticada Caracter',2),('ubaker@example.net','Sublime Silencio',3),('wellsrobin@example.net','Abstracta Perspectiva',2),('wellsrobin@example.net','Armonica Templo',5),('wellsrobin@example.net','Contemplativa Identidad',2),('wellsrobin@example.net','Enigmatica Perspectiva',1),('wellsrobin@example.net','Espiritual Tradicion',3),('wellsrobin@example.net','Espiritual Trazos',3),('wellsrobin@example.net','Eterna Infinito',3),('wellsrobin@example.net','Imponente Reflejo',1),('wellsrobin@example.net','Intrincada Tradicion',3),('wellsrobin@example.net','Radiante Obra',4),('wellsrobin@example.net','Sofisticada Sombra',3),('wendymorton@example.com','Abstraccion Materia',1),('wendymorton@example.com','Abstracta Obra',4),('wendymorton@example.com','Armonica Silencio',2),('wendymorton@example.com','Contemplativa Profundidad',4),('wendymorton@example.com','Enigmatica Silencio',3),('wendymorton@example.com','Espiritual Inspiracion',1),('wendymorton@example.com','Estilizada Imaginacion',3),('wendymorton@example.com','Expresiva Realidad',3),('wendymorton@example.com','Impactante Materia',1),('wendymorton@example.com','Intrincada Tradicion',4),('wendymorton@example.com','Sofisticada Sombra',1),('wendymorton@example.com','Sublime Caracter',1),('wendymorton@example.com','Sublime Movimiento',5),('williamsmary@example.net','Espiritual Inspiracion',3),('williamsmary@example.net','Estilizada Imaginacion',1),('williamsmary@example.net','Estilizada Inspiracion',2),('williamsmary@example.net','Trascendental Sueno',4),('xcarter@example.net','Abstraccion Monumento',5),('xcarter@example.net','Delicada Realidad',5),('xcarter@example.net','Impactante Inspiracion',4),('xcarter@example.net','Intrincada Esencia',2),('xcarter@example.net','Intrincada Tradicion',4),('xcarter@example.net','Sofisticada Caracter',1),('xcarter@example.net','Sofisticada Obra',1),('xjohnson@example.org','Abstracta Silencio',2),('xjohnson@example.org','Clasica Monumento',2),('xjohnson@example.org','Dinamica Esencia',1),('xjohnson@example.org','Espiritual Profundidad',3),('xjohnson@example.org','Estilizada Silencio',5),('xjohnson@example.org','Expresiva Sueno',2),('xjohnson@example.org','Imponente Destello',4),('xjohnson@example.org','Naturalista Luz',3),('xjohnson@example.org','Sublime Piedra',4),('xjohnson@example.org','Visionaria Realidad',2),('ywood@example.com','Abstracta Perspectiva',1),('ywood@example.com','Contemplativa Identidad',3),('ywood@example.com','Delicada Reflejo',2),('ywood@example.com','Enigmatica Obra',3),('ywood@example.com','Estilizada Concepto',5),('ywood@example.com','Estilizada Sombra',2),('ywood@example.com','Eterna Infinito',4),('ywood@example.com','Impactante Materia',5),('ywood@example.com','Imponente Legado',5),('ywood@example.com','Sofisticada Infinito',3),('ywood@example.com','Vanguardista Figura',3);
/*!40000 ALTER TABLE `votan` ENABLE KEYS */;
UNLOCK TABLES;
/*!40103 SET TIME_ZONE=@OLD_TIME_ZONE */;

/*!40101 SET SQL_MODE=@OLD_SQL_MODE */;
/*!40014 SET FOREIGN_KEY_CHECKS=@OLD_FOREIGN_KEY_CHECKS */;
/*!40014 SET UNIQUE_CHECKS=@OLD_UNIQUE_CHECKS */;
/*!40101 SET CHARACTER_SET_CLIENT=@OLD_CHARACTER_SET_CLIENT */;
/*!40101 SET CHARACTER_SET_RESULTS=@OLD_CHARACTER_SET_RESULTS */;
/*!40101 SET COLLATION_CONNECTION=@OLD_COLLATION_CONNECTION */;
/*!40111 SET SQL_NOTES=@OLD_SQL_NOTES */;

-- Dump completed on 2024-10-16  2:57:50
